218,White Corner,Film &amp; Video,https://org-kadist-kvl-media-output.s3-us-west-1.amazonaws.com/HLS/Alexandre_Arrechea/WhiteCorner2channelFINAL2/index.m3u8,,
14507,Teomama,Film &amp; Video,https://org-kadist-kvl-media-output.s3-us-west-1.amazonaws.com/HLS/Alicia_Smith_Teomama/index.m3u8,,
13691,Centro Espacial Satelital de Colombia (Colombian Satellite Space Center),Film &amp; Video,https://org-kadist-kvl-media-output.s3-us-west-1.amazonaws.com/HLS/Calderon_and_Pineros_CESC/index.m3u8,,
14425,SEASTATE 6: capsize,Film &amp; Video,https://org-kadist-kvl-media-output.s3-us-west-1.amazonaws.com/HLS/Charles_Lim_Capsize/index.m3u8,,
14423,SEASTATE 6: Phase 1,Film &amp; Video,https://org-kadist-kvl-media-output.s3-us-west-1.amazonaws.com/HLS/Charles_Lim_Phase1Longer/index.m3u8,,
13166,In the Soldier’s Head,Film &amp; Video,https://org-kadist-kvl-media-output.s3-us-west-1.amazonaws.com/HLS/ChristineRebet_TheSolidersHead/index.m3u8,,
18204,Untitled (Head Falling 2),Film &amp; Video,https://org-kadist-kvl-media-output.s3-us-west-1.amazonaws.com/HLS/Diego_Marcon_Head_Falling/index.m3u8,,
12450,Aldona,Film &amp; Video,https://org-kadist-kvl-media-output.s3-us-west-1.amazonaws.com/HLS/Emilija_Skarnulyte_Aldona/index.m3u8,,
15551,"APA JIKA, The Mis-Placed Comma (I, II, III)",Film &amp; Video,https://org-kadist-kvl-media-output.s3-us-west-1.amazonaws.com/HLS/Erika_Tan_AJTMPC_Episode_1/index.m3u8,,
12880,"0000 - The Axiom (""The Unmanned"" series)",Film &amp; Video,https://org-kadist-kvl-media-output.s3-us-west-1.amazonaws.com/HLS/GiraudSiboni_Trailer000/index.m3u8,,
12853,1542 – a flood (The Unmanned series),Film &amp; Video,https://org-kadist-kvl-media-output.s3-us-west-1.amazonaws.com/HLS/GiraudSiboni_Trailer1542/index.m3u8,,
12909,"1759 – Mil troi cens quarante huyt (""The Unmanned"" series)",Film &amp; Video,https://org-kadist-kvl-media-output.s3-us-west-1.amazonaws.com/HLS/GiraudSiboni_Trailer1759/index.m3u8,,
12898,"1922 – The Uncomputable (""The Unmanned"" series)",Film &amp; Video,https://org-kadist-kvl-media-output.s3-us-west-1.amazonaws.com/HLS/GiraudSiboni_Trailer1922/index.m3u8,,
12893,"1953 – The Outlawed (""The Unmanned"" series)",Film &amp; Video,https://org-kadist-kvl-media-output.s3-us-west-1.amazonaws.com/HLS/GiraudSiboni_Trailer1953/index.m3u8,,
12886,"1997 – The Brute Force (""The Unmanned"" series)",Film &amp; Video,https://org-kadist-kvl-media-output.s3-us-west-1.amazonaws.com/HLS/GiraudSiboni_Trailer1997/index.m3u8,,
749,2045 – The Death of Ray Kurzweil (The Unmanned series),Film &amp; Video,https://org-kadist-kvl-media-output.s3-us-west-1.amazonaws.com/HLS/GiraudSiboni_Trailer2045/index.m3u8,,
14517,Imjingawa,Film &amp; Video,https://org-kadist-kvl-media-output.s3-us-west-1.amazonaws.com/HLS/Hwayeon+Nam_Imjingawa/index.m3u8,,
12491,The Planets,Film &amp; Video,https://org-kadist-kvl-media-output.s3-us-west-1.amazonaws.com/HLS/JackieKaruti_ThePlanetsChapter32/index.m3u8,,
14505,"The Woman, The Orphan, and The Tiger",Film &amp; Video,https://org-kadist-kvl-media-output.s3-us-west-1.amazonaws.com/HLS/Jane+Jin+Kaisen+%26+Guston+Sondin-Kung_WOT/index.m3u8,,
13105,Europa Enterprise-0 (EE-0),Film &amp; Video,https://org-kadist-kvl-media-output.s3-us-west-1.amazonaws.com/HLS/Lala_Rascic_EE/index.m3u8,,
14451,There is No There,Film &amp; Video,https://org-kadist-kvl-media-output.s3-us-west-1.amazonaws.com/HLS/Mangano_Sisters_ThereisnoThere/index.m3u8,,
16249,La Forma del Presente (The Shape of Now),Film &amp; Video,https://org-kadist-kvl-media-output.s3-us-west-1.amazonaws.com/HLS/Manuel_Correa_LaFormadelPresente/index.m3u8,,
23369,Stone Deaf (Video),Film &amp; Video,https://org-kadist-kvl-media-output.s3-us-west-1.amazonaws.com/HLS/Milena_Bonilla_StoneDeaf/index.m3u8,,
217,Silver & Gold,Film &amp; Video,https://org-kadist-kvl-media-output.s3-us-west-1.amazonaws.com/HLS/Nao_Bustamante_SilverAndGold/index.m3u8,,
13131,In View,Film &amp; Video,https://org-kadist-kvl-media-output.s3-us-west-1.amazonaws.com/HLS/RandaMaddah_InView/index.m3u8,,
13123,Light Horizon,Film &amp; Video,https://org-kadist-kvl-media-output.s3-us-west-1.amazonaws.com/HLS/RandaMaddah_LightHorizon/index.m3u8,,
20241,HFT The Gardener,Film &amp; Video,https://org-kadist-kvl-media-output.s3-us-west-1.amazonaws.com/HLS/Suzanne_Treister_HFT_TheGardener/index.m3u8,,
21527,How to Improve the World,Film &amp; Video,"https://org-kadist-kvl-media-output.s3-us-west-1.amazonaws.com/HLS/Trin Thin Nguyen/How to Improve July 20, 2021 h264 compressed/1080p.m3u8",,
12466,The Wedding,Film &amp; Video,https://org-kadist-kvl-media-output.s3-us-west-1.amazonaws.com/HLS/YuriAncarani_wedding/index.m3u8,,
18884,Grabador Fantasma (Phantom Recorder),Film &amp; Video,https://org-kadist-kvl-media-output.s3.us-west-1.amazonaws.com/HLS/Adrian_Balseca_Grabador_Fantasma/index.m3u8,,
18882,Suspensión I,Film &amp; Video,https://org-kadist-kvl-media-output.s3.us-west-1.amazonaws.com/HLS/Adrian_Balseca_Suspension/index.m3u8,,
21571,The New Man and My Father,Film &amp; Video,https://org-kadist-kvl-media-output.s3.us-west-1.amazonaws.com/HLS/Adrian_Melis_Sosa_TheNewManandMyFather/index.m3u8,,
26644,"Sentimentite (COVID-19 Global Lockdowns 53/100, from Chapter 6: The Pandemic)",NFT,https://org-kadist-kvl-media-output.s3.us-west-1.amazonaws.com/HLS/Agnieszka_Kurant_Covid19_Global_Lockdowns/index.m3u8,,
26646,"Sentimentite (First death caused by self-driving car 84/100, from Chapter 9: Tech Futurism)",NFT,https://org-kadist-kvl-media-output.s3.us-west-1.amazonaws.com/HLS/Agnieszka_Kurant_First_Death_Caused_By_Self_Driving_Car/index.m3u8,,
26642,"Sentimentite (Invasion of Ukraine 38/100, from Chapter 4: Reshaping World Order)",NFT,https://org-kadist-kvl-media-output.s3.us-west-1.amazonaws.com/HLS/Agnieszka_Kurant_Invasion_of_Ukraine/index.m3u8,,
22621,At that time when everything was human,Film &amp; Video,https://org-kadist-kvl-media-output.s3.us-west-1.amazonaws.com/HLS/AlineBaiana_AtThatTimeWhenEverythingWasHuman_EngSUBS/index.m3u8,,
38507,I WOULD LIKE TO BE MIDNIGHT / I WOULD LIKE TO BE SKY,Film &amp; Video,https://org-kadist-kvl-media-output.s3.us-west-1.amazonaws.com/HLS/Amelia_Winger-Bearskin_IWouldLikeToBeMidnight/index.m3u8,,
25582,Elevación [Elevation],Film &amp; Video,https://org-kadist-kvl-media-output.s3.us-west-1.amazonaws.com/HLS/AnaMar%C3%ADaMill%C3%A1n_Elevaci%C3%B3n/index.m3u8,,
21848,In The Air Tonight,Film &amp; Video,https://org-kadist-kvl-media-output.s3.us-west-1.amazonaws.com/HLS/Andrew_Norman_Wilson_IntheAirTonight/index.m3u8,,
21074,Kodak,Film &amp; Video,https://org-kadist-kvl-media-output.s3.us-west-1.amazonaws.com/HLS/Andrew_Norman_Wilson_Kodak/index.m3u8,,
21846,Z = |Z/Z•Z-1 mod 2|-1: Lavender Town Syndrome,Film &amp; Video,https://org-kadist-kvl-media-output.s3.us-west-1.amazonaws.com/HLS/Andrew_Norman_Wilson_LavenderTownSyndrome/index.m3u8,,
18876,Kiss of the Rabbit God (???),Film &amp; Video,https://org-kadist-kvl-media-output.s3.us-west-1.amazonaws.com/HLS/Andrew_Thomas_Huang_KissoftheRabbitGod/index.m3u8,,
26948,Angela Su’s True Calling,Film &amp; Video,https://org-kadist-kvl-media-output.s3.us-west-1.amazonaws.com/HLS/AngelaSu_AngelaSusTrueCalling/index.m3u8,,
27931,Untitled (Wave),Film &amp; Video,https://org-kadist-kvl-media-output.s3.us-west-1.amazonaws.com/HLS/Anne_Imhof_Wave/index.m3u8,,
19319,AUTOTROFIA,Film &amp; Video,https://org-kadist-kvl-media-output.s3.us-west-1.amazonaws.com/HLS/Anton_Vidokle_Autrofia/index.m3u8,,
19776,Documentary o ritmo do n’gola ritmos (Rhythm of N’gola Rhythms),Film &amp; Video,https://org-kadist-kvl-media-output.s3.us-west-1.amazonaws.com/HLS/Antonio_Ole_AngolaRitmos4x3/index.m3u8,,
42333,Golpes y sanación [Blows and Healing],Film &amp; Video,https://org-kadist-kvl-media-output.s3.us-west-1.amazonaws.com/HLS/Antonio-Pichilla%CC%81/Golpes-y-sanacio%CC%81n/Antonio-Pichilla%CC%81_Golpes-y-sanacio%CC%81n_exhibition_H.264index.m3u8,,
42331,Tejiendo el paisaje [Weaving the Landscape],Film &amp; Video,https://org-kadist-kvl-media-output.s3.us-west-1.amazonaws.com/HLS/Antonio-Pichilla%CC%81/Weaving-the-Landscape/Antonio-Pichilla%CC%81_Weaving-the-Landscape_exhibition_H.264index.m3u8,,
26271,I Can Only Dance to One Song,Film &amp; Video,https://org-kadist-kvl-media-output.s3.us-west-1.amazonaws.com/HLS/Arash_Fayez_ICODTOS/index.m3u8,,
39382,Virtually Asian,Film &amp; Video,https://org-kadist-kvl-media-output.s3.us-west-1.amazonaws.com/HLS/Astria+Suparak/Virtually+Asian.mp4/index.m3u8,,
21780,"Petrogenesis, Petra Genetrix",Film &amp; Video,https://org-kadist-kvl-media-output.s3.us-west-1.amazonaws.com/HLS/Ayoung_Kim_Petrogenesis_EN_CN/index.m3u8,,
28329,Rehearsal,Film &amp; Video,https://org-kadist-kvl-media-output.s3.us-west-1.amazonaws.com/HLS/Aziz_Hazara_Rehearsal2020/index.m3u8,,
28286,Inner Child,Film &amp; Video,https://org-kadist-kvl-media-output.s3.us-west-1.amazonaws.com/HLS/Bady_Dalloul_Inner_Child/index.m3u8,,
21602,After Scarcity,Film &amp; Video,https://org-kadist-kvl-media-output.s3.us-west-1.amazonaws.com/HLS/Bahar_Noorizadeh_AfterScarcity/index.m3u8,,
28282,The Red City of the Planet of Capitalism,Film &amp; Video,https://org-kadist-kvl-media-output.s3.us-west-1.amazonaws.com/HLS/Bahar_Noorizadeh_the_red_city_of_the_city_of_the_planet/index.m3u8,,
23421,Death at a 30 Degree Angle,Film &amp; Video,https://org-kadist-kvl-media-output.s3.us-west-1.amazonaws.com/HLS/BaniAbidi_DeathAtA30DegreeAngle/index.m3u8,,
17767,Deep Sleep,Film &amp; Video,https://org-kadist-kvl-media-output.s3.us-west-1.amazonaws.com/HLS/Basma_Alsharif_8DeepSleep/index.m3u8,,
23423,Marché Salomon,Film &amp; Video,https://org-kadist-kvl-media-output.s3.us-west-1.amazonaws.com/HLS/BeatrizSantiagoMu%C3%B1oz_March%C3%A9SalomonENGSUBS/index.m3u8,,
23425,Prisoner's Cinema,Film &amp; Video,https://org-kadist-kvl-media-output.s3.us-west-1.amazonaws.com/HLS/BeatrizSantiagoMu%C3%B1oz_PrisonersCinema_ENGsubs/index.m3u8,,
28607,Mandacura,Film &amp; Video,https://org-kadist-kvl-media-output.s3.us-west-1.amazonaws.com/HLS/Biarritzzz_Mandacura/index.m3u8,,
26867,Pause/Tanmpo,Film &amp; Video,https://org-kadist-kvl-media-output.s3.us-west-1.amazonaws.com/HLS/Bill_Bidjocka_Tanmpo/index.m3u8,,
18155,The Orbit,Film &amp; Video,https://org-kadist-kvl-media-output.s3.us-west-1.amazonaws.com/HLS/Bo+Wang/The+Orbit/index.m3u8,,
21794,"Miasma, Plants, Export Paintings",Film &amp; Video,https://org-kadist-kvl-media-output.s3.us-west-1.amazonaws.com/HLS/BoWangPanLu_MiasmaPlantsExportPaintings/index.m3u8,,
21822,Sólheimasandur,Film &amp; Video,https://org-kadist-kvl-media-output.s3.us-west-1.amazonaws.com/HLS/Calder%C3%B3n_and_Pi%C3%B1eros_La_Decanatura/index.m3u8,,
21820,Gated Commune,Film &amp; Video,https://org-kadist-kvl-media-output.s3.us-west-1.amazonaws.com/HLS/CamelCollective_GatedCommune/index.m3u8,,
32762,El mato,Film &amp; Video,https://org-kadist-kvl-media-output.s3.us-west-1.amazonaws.com/HLS/Camilo_Echeverri_ElMato/index.m3u8,,
28461,Infinity and Infinity Plus One,Film &amp; Video,https://org-kadist-kvl-media-output.s3.us-west-1.amazonaws.com/HLS/Cao_Shu_InfinityandInfinityPlusOneWEB/index.m3u8,,
37802,Phantom Sugar,Film &amp; Video,https://org-kadist-kvl-media-output.s3.us-west-1.amazonaws.com/HLS/Cao_Shu_PhantomSugar/index.m3u8,,
42305,Inverted World,Film &amp; Video,https://org-kadist-kvl-media-output.s3.us-west-1.amazonaws.com/HLS/Carlos-Motta/Inverted-World/Carlos_Motta_re%CC%81quiem_mundo_invertido_exhibition_h264index.m3u8,,
37447,Last Light,Film &amp; Video,https://org-kadist-kvl-media-output.s3.us-west-1.amazonaws.com/HLS/Carmen_Argote_LastLight/index.m3u8,,
21796,Esto No Es Agua / This Is Not Water,Film &amp; Video,https://org-kadist-kvl-media-output.s3.us-west-1.amazonaws.com/HLS/Carolina_Caycedo_Esto_No_Es_Agua/index.m3u8,,
41688,Corrientes Mercuriales,Film &amp; Video,https://org-kadist-kvl-media-output.s3.us-west-1.amazonaws.com/HLS/Carolina+Fusilier/Corrientes+Mercuriales%2C+2023/Carolina+Fusilier_Corrientes+Mercuriales_Exhibition.mp4/index.m3u8,,
29428,Landslides,Film &amp; Video,https://org-kadist-kvl-media-output.s3.us-west-1.amazonaws.com/HLS/Caroline_D%C3%A9odat_Landslides/index.m3u8,,
19327,Pre-Existing Condition,Film &amp; Video,https://org-kadist-kvl-media-output.s3.us-west-1.amazonaws.com/HLS/Carolyn_Lazard_PreexistingCondition/index.m3u8,,
23199,Sojourner,Film &amp; Video,https://org-kadist-kvl-media-output.s3.us-west-1.amazonaws.com/HLS/Cauleen_Smith_Sojourner/index.m3u8,,
24527,Lightning Dance,Film &amp; Video,https://org-kadist-kvl-media-output.s3.us-west-1.amazonaws.com/HLS/Cecilia_Bengolea_LIGHTNINGDANCE/index.m3u8,,
38572,GOOD MORNING YOUNG BODY,Film &amp; Video,https://org-kadist-kvl-media-output.s3.us-west-1.amazonaws.com/HLS/Charmaine+Poh_GOODMORNING+YOUNG+BODY/index.m3u8,,
21551,My Utopia,Film &amp; Video,https://org-kadist-kvl-media-output.s3.us-west-1.amazonaws.com/HLS/Che_Onejoon_MyUtopia/index.m3u8,,
21774,Spirit Writing,Film &amp; Video,https://org-kadist-kvl-media-output.s3.us-west-1.amazonaws.com/HLS/Chia_Wei_Hsu_SpiritWriting/index.m3u8,,
21770,Takasago,Film &amp; Video,https://org-kadist-kvl-media-output.s3.us-west-1.amazonaws.com/HLS/Chia_Wei_Hsu_Takasago/index.m3u8,,
21499,Mud Man,Film &amp; Video,https://org-kadist-kvl-media-output.s3.us-west-1.amazonaws.com/HLS/ChikakoYamashiro_MudMan/index.m3u8,,
18163,Rainbow Body,Film &amp; Video,https://org-kadist-kvl-media-output.s3.us-west-1.amazonaws.com/HLS/Chitra_Ganesh_RainbowBody/index.m3u8,,
23790,Rabbithole,Film &amp; Video,https://org-kadist-kvl-media-output.s3.us-west-1.amazonaws.com/HLS/ChitraGanesh_Rabbithole/index.m3u8,,
23792,Silhouette in the Graveyard,Film &amp; Video,https://org-kadist-kvl-media-output.s3.us-west-1.amazonaws.com/HLS/ChitraGanesh_SilhouetteInTheGraveyard/index.m3u8,,
26344,Hand Palm Echo 1,NFT,https://org-kadist-kvl-media-output.s3.us-west-1.amazonaws.com/HLS/Chrisine_Sun_Kim_Hand_Palm_Echo1/index.m3u8,,
21782,Sometimes It Was Beautiful,Film &amp; Video,https://org-kadist-kvl-media-output.s3.us-west-1.amazonaws.com/HLS/Christian_Nyampeta_SometimesItWasBeautiful/index.m3u8,,
42643,Hua-Lam-Pong,Film &amp; Video,https://org-kadist-kvl-media-output.s3.us-west-1.amazonaws.com/HLS/Chulayarnnon+Siriphol/Hua-Lam-Pong%2C+2004/Chulayarnnon+Siriphol_Hua-Lam-Pong_exhibition_H.264index.m3u8,,
42641,Planking,Film &amp; Video,https://org-kadist-kvl-media-output.s3.us-west-1.amazonaws.com/HLS/Chulayarnnon+Siriphol/Planking%2C+2012/Chulayarnnon-Siriphol_Planking_exhibition_.H.264index.m3u8,,
21624,Chu’u Mayaa,Film &amp; Video,https://org-kadist-kvl-media-output.s3.us-west-1.amazonaws.com/HLS/Clarissa_Tossin_Chu'u_Mayaa/index.m3u8,,
21628,Some Dead Don’t Make a Sound (Hay muertos que no hacen ruido),Film &amp; Video,https://org-kadist-kvl-media-output.s3.us-west-1.amazonaws.com/HLS/Claudia_Joskowicz_HayMuertos_subtitles/index.m3u8,,
21626,Los rastreadores,Film &amp; Video,https://org-kadist-kvl-media-output.s3.us-west-1.amazonaws.com/HLS/Claudia_Joskowicz_Rastreadores_English/index.m3u8,,
18874,Coyolxauhqui,Film &amp; Video,https://org-kadist-kvl-media-output.s3.us-west-1.amazonaws.com/HLS/Colectivo+_Los_Ingr%C3%A1vidos_Coyolxauhqui/index.m3u8,,
24539,The Lonely Age,Film &amp; Video,https://org-kadist-kvl-media-output.s3.us-west-1.amazonaws.com/HLS/Connie Zheng/The Lonely Age/The Lonely Age - Updated credits - Sept 2020/index.m3u8,,
42341,Diario [Diary],Film &amp; Video,https://org-kadist-kvl-media-output.s3.us-west-1.amazonaws.com/HLS/Cristina-Flores-Pescora%CC%81n/Diario/Cristina-Flores-Pescora%CC%81n_Diario_exhibition_H.264index.m3u8,,
42339,Tu energía siempre estuvo [Your Energy Was Always There],Film &amp; Video,https://org-kadist-kvl-media-output.s3.us-west-1.amazonaws.com/HLS/Cristina-Flores-Pescora%CC%81n/Tu-energi%CC%81a-siempre-estuvo/Cristina-Flores-Pescora%CC%81n_Tu-energi%CC%81a-siempre-estuvo_exhibition_h.264index.m3u8,,
27181,Letter to a Turtledove,Film &amp; Video,https://org-kadist-kvl-media-output.s3.us-west-1.amazonaws.com/HLS/Dana_Kavalina_LetterToTurtledove/index.m3u8,,
23504,Hexfluorosilicic,Film &amp; Video,https://org-kadist-kvl-media-output.s3.us-west-1.amazonaws.com/HLS/Danielle_Dean_Hexfluorosilicic/index.m3u8,,
23502,No Lye,Film &amp; Video,https://org-kadist-kvl-media-output.s3.us-west-1.amazonaws.com/HLS/Danielle_Dean_NoLye/index.m3u8,,
23506,True Red Ruin (Elmina Castle),Film &amp; Video,https://org-kadist-kvl-media-output.s3.us-west-1.amazonaws.com/HLS/Danielle_Dean_TrueRedRuin(ElminaCastle)/index.m3u8,,
28284,Of Dice and Men,Film &amp; Video,https://org-kadist-kvl-media-output.s3.us-west-1.amazonaws.com/HLS/Didem_Pekun_of_Dice_and_Men/index.m3u8,,
17825,Araf,Film &amp; Video,https://org-kadist-kvl-media-output.s3.us-west-1.amazonaws.com/HLS/DidemPekun_Araf/index.m3u8,,
405,Frontier-Linear,Film &amp; Video,https://org-kadist-kvl-media-output.s3.us-west-1.amazonaws.com/HLS/Doug_Aitken_FrontierLinear/index.m3u8,,
24575,Xar - Sueño de obsidiana,Film &amp; Video,https://org-kadist-kvl-media-output.s3.us-west-1.amazonaws.com/HLS/EdgarCalel_Xar_MASTER_ING/index.m3u8,,
29896,Soul of Mexico,NFT,https://org-kadist-kvl-media-output.s3.us-west-1.amazonaws.com/HLS/Edgardo_Aragon_the_Soul_of_Mexico/index.m3u8,,
21102,Breathspace,Installation,https://org-kadist-kvl-media-output.s3.us-west-1.amazonaws.com/HLS/Eduardo_Navarro_Breathspace/index.m3u8,,
27239,Las Bambas,Film &amp; Video,https://org-kadist-kvl-media-output.s3.us-west-1.amazonaws.com/HLS/Elena_Tejada-Herrera_LasBambas/index.m3u8,,
29438,Color Strip,Film &amp; Video,https://org-kadist-kvl-media-output.s3.us-west-1.amazonaws.com/HLS/Elsa_Werth_ColorStrip/index.m3u8,,
42639,Tierra retumbante [Rumbling Earth],Film &amp; Video,https://org-kadist-kvl-media-output.s3.us-west-1.amazonaws.com/HLS/Elyla/Rumbling-Earth/Elyla_Rumbling-Earth_exhibition_H.264index.m3u8,,
42637,Una oración para acompañar la muerte [Prayer for Tending Death],Film &amp; Video,https://org-kadist-kvl-media-output.s3.us-west-1.amazonaws.com/HLS/Elyla/Una-nueva-oraci%C3%B3n-para-acompa%C3%B1ar-la-muerte/Elyla_Prayer-for-Tending-Death_exhibition_H.264index.m3u8,,
27177,Ofrenda,Installation,https://org-kadist-kvl-media-output.s3.us-west-1.amazonaws.com/HLS/ElylaFredmanBarahona)+_Ofrenda/index.m3u8,,
27247,A short video about Tate Modern,Film &amp; Video,https://org-kadist-kvl-media-output.s3.us-west-1.amazonaws.com/HLS/Emma_Wolukau-Wanambwa_AShortVideoAboutTateModern/index.m3u8,,
29434,The Death of K9 Cigo,Film &amp; Video,https://org-kadist-kvl-media-output.s3.us-west-1.amazonaws.com/HLS/Emmanuel_Van_de_Auwera_TheDeathofK9Cigo/index.m3u8,,
20259,La Memoria Verde,Film &amp; Video,https://org-kadist-kvl-media-output.s3.us-west-1.amazonaws.com/HLS/Enrique_Ramirez_MemoriaVerde_inglessubs/index.m3u8,,
26934,The Weaver's Lament,Film &amp; Video,https://org-kadist-kvl-media-output.s3.us-west-1.amazonaws.com/HLS/Erika_Tan_TheWeaversLament/index.m3u8,,
29965,Sueños de Jepira (Dreams of Jepira),Film &amp; Video,https://org-kadist-kvl-media-output.s3.us-west-1.amazonaws.com/HLS/Eusebio_Siosi_Sue%C3%B1osdeJepira/index.m3u8,,
24051,Parallel Narratives,Film &amp; Video,https://org-kadist-kvl-media-output.s3.us-west-1.amazonaws.com/HLS/Francisco_Camacho_Herrera_ParallelNarratives/index.m3u8,,
40821,The Butterfly Dream,Film &amp; Video,https://org-kadist-kvl-media-output.s3.us-west-1.amazonaws.com/HLS/Fuyuhiko_Takata_ButterflyDream/index.m3u8,,
40815,Cut Suits,Film &amp; Video,https://org-kadist-kvl-media-output.s3.us-west-1.amazonaws.com/HLS/Fuyuhiko_Takata_CutSuits/index.m3u8,,
40817,Dream Catcher,Film &amp; Video,https://org-kadist-kvl-media-output.s3.us-west-1.amazonaws.com/HLS/Fuyuhiko_Takata_DreamCatcher_NewLyric/index.m3u8,,
40813,JAPAN ERECTION,Film &amp; Video,https://org-kadist-kvl-media-output.s3.us-west-1.amazonaws.com/HLS/Fuyuhiko_Takata_JapanErection/index.m3u8,,
40823,Love Phantom,Film &amp; Video,https://org-kadist-kvl-media-output.s3.us-west-1.amazonaws.com/HLS/Fuyuhiko_Takata_LovePhantom/index.m3u8,,
40825,STORYTELLING,Film &amp; Video,https://org-kadist-kvl-media-output.s3.us-west-1.amazonaws.com/HLS/Fuyuhiko_Takata_Storytelling/index.m3u8,,
40827,The Princess and the Magic Birds,Film &amp; Video,https://org-kadist-kvl-media-output.s3.us-west-1.amazonaws.com/HLS/Fuyuhiko_Takata_ThePrincessandtheMagicBirds/index.m3u8,,
40819,VENUS ANAL TRAP,Film &amp; Video,https://org-kadist-kvl-media-output.s3.us-west-1.amazonaws.com/HLS/Fuyuhiko_Takata_VenusAnalTrap/index.m3u8,,
42309,Dibujar el deseo [Drawing Desire],Film &amp; Video,https://org-kadist-kvl-media-output.s3.us-west-1.amazonaws.com/HLS/Gabriela-Novoa/Dibujar-el-deseo/Gabriela-Novoa_Dibujar-el-deseo_exhibition_H.264_ENindex.m3u8,,
42649,Blocking,Film &amp; Video,https://org-kadist-kvl-media-output.s3.us-west-1.amazonaws.com/HLS/Gabriela-Novoa/Dibujar-el-deseo/Li+Binyuan/Blocking/Li-Binyuan_BLOCKING_exhibition_H.264index.m3u8,,
21519,Rewilding,Film &amp; Video,https://org-kadist-kvl-media-output.s3.us-west-1.amazonaws.com/HLS/Gary-Ross+Pastrana_Rewilding/index.m3u8,,
28280,The Invaders,Film &amp; Video,https://org-kadist-kvl-media-output.s3.us-west-1.amazonaws.com/HLS/Ghita_Skali_the_invaders/index.m3u8,,
25245,The Hole’s Journey,Film &amp; Video,https://org-kadist-kvl-media-output.s3.us-west-1.amazonaws.com/HLS/Ghita_Skali_theHole'sJourney/index.m3u8,,
20247,The Workshop,Film &amp; Video,https://org-kadist-kvl-media-output.s3.us-west-1.amazonaws.com/HLS/Gilad_Ratman_TheWorkshop/index.m3u8,,
42313,Flora Rebellis - Mulheres (Women),Film &amp; Video,https://org-kadist-kvl-media-output.s3.us-west-1.amazonaws.com/HLS/Giselle-Beiguelman/Flora-Rebellis/BT_women_1x1-001index.m3u8,,
38515,Terraist,Film &amp; Video,https://org-kadist-kvl-media-output.s3.us-west-1.amazonaws.com/HLS/Gordon_Hookey_Terrarist/index.m3u8,,
21830,David,Film &amp; Video,https://org-kadist-kvl-media-output.s3.us-west-1.amazonaws.com/HLS/GuanXiao_David/index.m3u8,,
29440,Le Fou Postcolonial Insane,Film &amp; Video,https://org-kadist-kvl-media-output.s3.us-west-1.amazonaws.com/HLS/Guy_Woete_Le_Fou_Post+_Colonial_Insane_I/index.m3u8,,
495,"Serious Games 3, Immersion",Film &amp; Video,https://org-kadist-kvl-media-output.s3.us-west-1.amazonaws.com/HLS/Harun_Farocki_SG3/index.m3u8,,
21473,As Bird’s Flying,Film &amp; Video,https://org-kadist-kvl-media-output.s3.us-west-1.amazonaws.com/HLS/Heba+Amin_As+Birds+Fly/index.m3u8,,
31919,A Ritual for Metamorphosis,Film &amp; Video,https://org-kadist-kvl-media-output.s3.us-west-1.amazonaws.com/HLS/Heeso_Kwon_ARitualENG/index.m3u8,,
29973,The Call,Film &amp; Video,https://org-kadist-kvl-media-output.s3.us-west-1.amazonaws.com/HLS/Helina_Metaferia_TheCall/index.m3u8,,
29971,The Willing (Sharjah),Film &amp; Video,https://org-kadist-kvl-media-output.s3.us-west-1.amazonaws.com/HLS/Helina_Metaferia_TheWilling_Sharjah/index.m3u8,,
38562,Echoes from Clouds,Film &amp; Video,https://org-kadist-kvl-media-output.s3.us-west-1.amazonaws.com/HLS/Hideki+Umezawa+%2B+Koichi+Sato/Echoes+from+Clouds%2C+2021-2023/EFC_multiscreen_H265/index.m3u8,,
23155,The Anatomy Classroom,Film &amp; Video,https://org-kadist-kvl-media-output.s3.us-west-1.amazonaws.com/HLS/Hikaru+Fuji/Anatomy+Classroom/index.m3u8,,
26279,COVID-19 May 2020,Film &amp; Video,https://org-kadist-kvl-media-output.s3.us-west-1.amazonaws.com/HLS/HikaruFujii_Covid19May2020/index.m3u8,,
26281,Les nucléaires et les choses,Film &amp; Video,https://org-kadist-kvl-media-output.s3.us-west-1.amazonaws.com/HLS/HikaruFujii_LesNucleairesEtLesChoses/index.m3u8,,
31988,"Walk Over, 1973",Film &amp; Video,https://org-kadist-kvl-media-output.s3.us-west-1.amazonaws.com/HLS/Hiwa_K_WalkOver/index.m3u8,,
5734,Music While We Work,Film &amp; Video|Installation,https://org-kadist-kvl-media-output.s3.us-west-1.amazonaws.com/HLS/Hong-Kai_Wang_MusicWhileWeWork/index.m3u8,,
21784,Invalid Throne,Film &amp; Video,https://org-kadist-kvl-media-output.s3.us-west-1.amazonaws.com/HLS/Jakrawal_Nilthamrong_Invalid_Throne/index.m3u8,,
39632,Punch-Drunk Love,Film &amp; Video,https://org-kadist-kvl-media-output.s3.us-west-1.amazonaws.com/HLS/Jamel+Robinson/Punk-drunk+Love%2C+2022/Jamel+Robinson_Punch+Drunk+Love.mp4/index.m3u8,,
21788,Lessons of the Blood,Film &amp; Video,https://org-kadist-kvl-media-output.s3.us-west-1.amazonaws.com/HLS/James_T_Hong_Lessons_of_the_Blood/index.m3u8,,
42317,Total Mobilization,Film &amp; Video,https://org-kadist-kvl-media-output.s3.us-west-1.amazonaws.com/HLS/James+T+Hong_Yin-Ju+Chen/Total+Mobilization/James+T+Hong_Yin-Ju+Chen_Total+Mobilization_exhibition_h264index.m3u8,,
42647,A Chinaman’s Chance (Dokdo and Senkaku),Film &amp; Video,https://org-kadist-kvl-media-output.s3.us-west-1.amazonaws.com/HLS/James+T+Hong/A+Chinaman%E2%80%99s+Chance/James-T-Hong_chinamans_chance_exhibition_H.264index.m3u8,,
42645,Taipei 101: A Travelogue of Symptoms (Sensitive Version),Film &amp; Video,https://org-kadist-kvl-media-output.s3.us-west-1.amazonaws.com/HLS/James+T+Hong/Taipei+101%3A+A+Travelogue+of+Symptoms/James-T-Hong_taipei-101_exhibition_APR422index.m3u8,,
38509,QUEBRANTE,Film &amp; Video,https://org-kadist-kvl-media-output.s3.us-west-1.amazonaws.com/HLS/Janaina_Wagner_QUEBRANTE02/index.m3u8,,
19303,Almost One,Film &amp; Video,https://org-kadist-kvl-media-output.s3.us-west-1.amazonaws.com/HLS/Jeamin_Cha_AlmostOne/index.m3u8,,
19299,Ellie's Eye,Film &amp; Video,https://org-kadist-kvl-media-output.s3.us-west-1.amazonaws.com/HLS/Jeamin_Cha_Ellie'sEyeLR/index.m3u8,,
19301,On Guard,Film &amp; Video,https://org-kadist-kvl-media-output.s3.us-west-1.amazonaws.com/HLS/Jeamin_Cha_OnGuard/index.m3u8,,
21505,Xenophoria,Film &amp; Video,https://org-kadist-kvl-media-output.s3.us-west-1.amazonaws.com/HLS/Jes_Fan_Xenophoria/index.m3u8,,
25755,O (for various skies),Installation,https://org-kadist-kvl-media-output.s3.us-west-1.amazonaws.com/HLS/JesseChun_0forVariousSkies/index.m3u8,,
42661,Seeing Things the Way We See the Moon,Film &amp; Video,https://org-kadist-kvl-media-output.s3.us-west-1.amazonaws.com/HLS/Jiyoung+YOON/Seeing+Things+the+Way+We+See+the+Moon%2C+2013/Jiyoung-YOON_Seeing-Things-the-Way-We-See-the-Moon_master_APR422index.m3u8,,
25701,Half Blue,Installation,https://org-kadist-kvl-media-output.s3.us-west-1.amazonaws.com/HLS/Joe_Namy_HalfBlue/index.m3u8,,
26865,3-Legged,Film &amp; Video,https://org-kadist-kvl-media-output.s3.us-west-1.amazonaws.com/HLS/John_Wood_Paul_Harrison_3Legged/index.m3u8,,
26861,Device,Film &amp; Video,https://org-kadist-kvl-media-output.s3.us-west-1.amazonaws.com/HLS/John_Wood_Paul_Harrison_Device/index.m3u8,,
28439,KEBRANTO,Film &amp; Video,https://org-kadist-kvl-media-output.s3.us-west-1.amazonaws.com/HLS/Jonas_Van_and_Juno_B_Kebranto/index.m3u8,,
27229,Void,Film &amp; Video,https://org-kadist-kvl-media-output.s3.us-west-1.amazonaws.com/HLS/Joshua_Serafin_VOID/index.m3u8,,
28814,El Salto (The Jump/The Waterfall),Film &amp; Video,https://org-kadist-kvl-media-output.s3.us-west-1.amazonaws.com/HLS/Juan_Covelli_ElSalto/index.m3u8,,
29894,They/Them,Film &amp; Video,https://org-kadist-kvl-media-output.s3.us-west-1.amazonaws.com/HLS/Juan_Obando_TheyThem/index.m3u8,,
28375,Tomorrow,Film &amp; Video,https://org-kadist-kvl-media-output.s3.us-west-1.amazonaws.com/HLS/Jung_Yoonsuk_Tomorrow2020/index.m3u8,,
25751,NEPALI POWER: The Way To Become Electricity Exporter?,Film &amp; Video,https://org-kadist-kvl-media-output.s3.us-west-1.amazonaws.com/HLS/K%C3%B6kenErgun_NepaliPower/index.m3u8,,
25749,Nepal-China Railway Project: Fantasy or Reality?,Film &amp; Video,https://org-kadist-kvl-media-output.s3.us-west-1.amazonaws.com/HLS/K%C3%B6kenErgunandSatyamMishra_Nepal-ChinaRailwayProject/index.m3u8,,
42311,Keeping Count (Annotated),Film &amp; Video,https://org-kadist-kvl-media-output.s3.us-west-1.amazonaws.com/HLS/Kameeelah-Janan-Rasheed/Keeping-Count/KJR%2C+Keeping+Count+(Annotated)%2C+2021-2023+(1080p)index.m3u8,,
29797,Meanwhile,Film &amp; Video,https://org-kadist-kvl-media-output.s3.us-west-1.amazonaws.com/HLS/Karan_Shrestha_Meanwhile/index.m3u8,,
22725,Anointed,Film &amp; Video,https://org-kadist-kvl-media-output.s3.us-west-1.amazonaws.com/HLS/KathyJetnil-KijinerWithDanLin_Anointed/index.m3u8,,
25253,The Storyteller,Film &amp; Video,https://org-kadist-kvl-media-output.s3.us-west-1.amazonaws.com/HLS/Katia_Kameli_StorytellerENG/index.m3u8,,
38495,Kaylene TV,Film &amp; Video,https://org-kadist-kvl-media-output.s3.us-west-1.amazonaws.com/HLS/Kaylene_Whiskey_KayleneTV/index.m3u8,,
38497,Ngura Pukulpa – Happy Place,Film &amp; Video,https://org-kadist-kvl-media-output.s3.us-west-1.amazonaws.com/HLS/Kaylene_Whiskey_NguraPukulpa/index.m3u8,,
37034,The Founding of the World,Film &amp; Video,https://org-kadist-kvl-media-output.s3.us-west-1.amazonaws.com/HLS/Kenneth_Tam_TheFoundingoftheWorld/index.m3u8,,
26364,Heat Waves,Film &amp; Video,https://org-kadist-kvl-media-output.s3.us-west-1.amazonaws.com/HLS/Kent_Chan_HeatWaves/index.m3u8,,
37124,Shivers,,https://org-kadist-kvl-media-output.s3.us-west-1.amazonaws.com/HLS/Kent_Chan_Shivers/index.m3u8,,
7677,Rubber Man,Film &amp; Video,https://org-kadist-kvl-media-output.s3.us-west-1.amazonaws.com/HLS/Khvay_Sammang_RubberMan/index.m3u8,,
21818,Preah Kunlong (The way of the spirit),Film &amp; Video,https://org-kadist-kvl-media-output.s3.us-west-1.amazonaws.com/HLS/KhvaySamnang_PreahKunlong/index.m3u8,,
24957,Lifting Barbells,Film &amp; Video,https://org-kadist-kvl-media-output.s3.us-west-1.amazonaws.com/HLS/Kim_Heecheon_Lifting_Barbells/index.m3u8,,
23372,Gikan Sa Ngitngit Nga Kinailadman (From The Dark Depths),Film &amp; Video,https://org-kadist-kvl-media-output.s3.us-west-1.amazonaws.com/HLS/Kiri+Dalena/Gikan+Sa+Ngitngit+Nga+Kinailadman+(From+The+Dark+Depths)/index.m3u8,,
42659,hokšíkilowanpi,Film &amp; Video,https://org-kadist-kvl-media-output.s3.us-west-1.amazonaws.com/HLS/Kite+and+Corey+Stover/hok%C5%A1%C3%ADkilowa%C5%8Bpi/Kite-Corey-Stover_hoks%CC%8Ci%CC%81kilowa%C5%8Bpi_intermediate_H.264index.m3u8,,
21567,The Crime of Art,Film &amp; Video,https://org-kadist-kvl-media-output.s3.us-west-1.amazonaws.com/HLS/Kota_Ezawa_CrimeofArt/index.m3u8,,
21565,The Simpson Verdict,Film &amp; Video,https://org-kadist-kvl-media-output.s3.us-west-1.amazonaws.com/HLS/Kota_Ezawa_TheSimpsonVerdict/index.m3u8,,
21606,Mother's Tongue,Film &amp; Video,https://org-kadist-kvl-media-output.s3.us-west-1.amazonaws.com/HLS/Lam_Lap-See_MTEnglish/index.m3u8,,
26376,Monteverdi Ici,Film &amp; Video,https://org-kadist-kvl-media-output.s3.us-west-1.amazonaws.com/HLS/Laure_Prouvost_Monteverdi_Ici/index.m3u8,,
11931,The Parle Ment Metal Woman Welcoming You,Film &amp; Video|Sculpture,https://org-kadist-kvl-media-output.s3.us-west-1.amazonaws.com/HLS/Laure_Prouvost_TheParleMent_VERTICAL/index.m3u8,,
18159,Between Beauty & Horror,Film &amp; Video,https://org-kadist-kvl-media-output.s3.us-west-1.amazonaws.com/HLS/Leila_Weefur_BetweenBeautyandHorror/index.m3u8,,
19331,"Home (good infinity, bad infinity)",Film &amp; Video,https://org-kadist-kvl-media-output.s3.us-west-1.amazonaws.com/HLS/LenaBui_Home/index.m3u8,,
27175,Five-Hundred Twenty-Four,Film &amp; Video,https://org-kadist-kvl-media-output.s3.us-west-1.amazonaws.com/HLS/LenkaClaytonandPhillipAndrewLewisFive-HundredTwenty-Four/index.m3u8,,
25689,DROPSPIKE,Film &amp; Video,https://org-kadist-kvl-media-output.s3.us-west-1.amazonaws.com/HLS/LeticiaRamos_Dropspike/index.m3u8,,
27203,ÆTHER (Poor Objects),Film &amp; Video,https://org-kadist-kvl-media-output.s3.us-west-1.amazonaws.com/HLS/Li_Shuang_%C3%86THERPoorObjects/index.m3u8,,
38503,I Want to Sleep More but by Your Side,Film &amp; Video,https://org-kadist-kvl-media-output.s3.us-west-1.amazonaws.com/HLS/Li_Shuang_IWanttoSleepMore/index.m3u8,,
42651,The Last Letter,Film &amp; Video,https://org-kadist-kvl-media-output.s3.us-west-1.amazonaws.com/HLS/Li+Binyuan/The+Last+Letter/Li-Binyuan_The-Last-Letter_exhibition_H.264index.m3u8,,
21816,The Ship of Fools Mooring at the Train Station,Film &amp; Video,https://org-kadist-kvl-media-output.s3.us-west-1.amazonaws.com/HLS/Liu_Yu_The_Ship_of_Fools/index.m3u8,,
19265,Salvation Mountain,Film &amp; Video,https://org-kadist-kvl-media-output.s3.us-west-1.amazonaws.com/HLS/LiuYu_SalvationMountain/index.m3u8,,
31994,"Untitled ""Neutral Corner""",Film &amp; Video,https://org-kadist-kvl-media-output.s3.us-west-1.amazonaws.com/HLS/Lucas_Arruda_NeutralCorner/index.m3u8,,
18256,Zero,Film &amp; Video,https://org-kadist-kvl-media-output.s3.us-west-1.amazonaws.com/HLS/Luiz_Roque_ZERO/index.m3u8,,
26277,Feet Under Fire,Film &amp; Video,https://org-kadist-kvl-media-output.s3.us-west-1.amazonaws.com/HLS/Lungiswa_Gqunta_Feet_Under_Fire/index.m3u8,,
20251,Strange Culture,Film &amp; Video,https://org-kadist-kvl-media-output.s3.us-west-1.amazonaws.com/HLS/Lynn_Hershman_Leeson_StrangeCultureUHDStereo/index.m3u8,,
20249,VertiGhost,Film &amp; Video,https://org-kadist-kvl-media-output.s3.us-west-1.amazonaws.com/HLS/Lynn_Hershman_Leeson_Vertighost/index.m3u8,,
25251,CAMARADERIE,Film &amp; Video,https://org-kadist-kvl-media-output.s3.us-west-1.amazonaws.com/HLS/Mahmoud_Khaled_Comaraderie/index.m3u8,,
21810,Four Hundred Unquiet Graves,Film &amp; Video,https://org-kadist-kvl-media-output.s3.us-west-1.amazonaws.com/HLS/ManuelCorrea_400UnquietGraves/index.m3u8,,
21812,Didn't Know I Died,Film &amp; Video,https://org-kadist-kvl-media-output.s3.us-west-1.amazonaws.com/HLS/ManuelCorrea_DidntKnowIDied/index.m3u8,,
38513,Rito de Iniciación: Baño Sagrado (Initiation Rite/Sacred Bath),Film &amp; Video,https://org-kadist-kvl-media-output.s3.us-west-1.amazonaws.com/HLS/Mar%C3%ADa-Magdalena-Campos-Pons/Rito+de+Iniciacio%CC%81n_Ban%CC%83o_Sagrado/Mcp_V+1_Rito+de+Iniciacio%CC%81n_Ban%CC%83o_Sagrado+(Initiation_Rite_Sacred+Bath)_Masterindex.m3u8,,
19297,The Real. Retrato de Norman Mejía.,Film &amp; Video,https://org-kadist-kvl-media-output.s3.us-west-1.amazonaws.com/HLS/Maria_Isabel_Rueda_film/index.m3u8,,
24567,Vitrina,Film &amp; Video,https://org-kadist-kvl-media-output.s3.us-west-1.amazonaws.com/HLS/MariaTeresaHincapi%C3%A9_Vitrina/index.m3u8,,
21776,Priapus Agonistes,Film &amp; Video,https://org-kadist-kvl-media-output.s3.us-west-1.amazonaws.com/HLS/Mary_Reid_Kelley_and_Patrick_Kelley_Priapus_Agonistes/index.m3u8,,
21557,The Dragon is the Frame,Film &amp; Video,https://org-kadist-kvl-media-output.s3.us-west-1.amazonaws.com/HLS/MaryHelenaClark_TheDragonIsInTheFrame/index.m3u8,,
29452,I’M HERE 17.12.2022 5:44,Film &amp; Video,https://org-kadist-kvl-media-output.s3.us-west-1.amazonaws.com/HLS/Mat_Dryhurst_Holly_Herndon_I'mHere/index.m3u8,,
28959,"ça va, ça va, on continue",Film &amp; Video,https://org-kadist-kvl-media-output.s3.us-west-1.amazonaws.com/HLS/Mathieu_Abonnenc_CavaCavaEng/index.m3u8,,
27243,Limbé,Film &amp; Video,https://org-kadist-kvl-media-output.s3.us-west-1.amazonaws.com/HLS/Mathieu_Abonnenc_Limbe/index.m3u8,,
28957,Secteur IX B,Film &amp; Video,https://org-kadist-kvl-media-output.s3.us-west-1.amazonaws.com/HLS/Mathieu_Abonnenc_SECTEUR_IX/index.m3u8,,
21850,Bullet,Film &amp; Video,https://org-kadist-kvl-media-output.s3.us-west-1.amazonaws.com/HLS/MayaWatanabe_Bullet/index.m3u8,,
21806,Escenarios (Sceneries),Film &amp; Video,https://org-kadist-kvl-media-output.s3.us-west-1.amazonaws.com/HLS/MayaWatanabe_EscanariosCOMPOSITE/index.m3u8,,
21808,Pendulum,Film &amp; Video,https://org-kadist-kvl-media-output.s3.us-west-1.amazonaws.com/HLS/MayaWatanabe_Pendulum_singlechannel/index.m3u8,,
28272,Les Chenilles,Film &amp; Video,https://org-kadist-kvl-media-output.s3.us-west-1.amazonaws.com/HLS/Michelle_and_Noel_Keserwany_Les_Chenilles_trailer/index.m3u8,,
6,"Dorian, a cinematic perfume",Film &amp; Video,https://org-kadist-kvl-media-output.s3.us-west-1.amazonaws.com/HLS/Michelle_Handelman_Dorian_ACinematicPerfume/index.m3u8,,field_5ccj717f29f4jwkк
21555,"Irma Vep, The Last Breath",Film &amp; Video,https://org-kadist-kvl-media-output.s3.us-west-1.amazonaws.com/HLS/Michelle_Handelman_IrmaVep/index.m3u8,,
7766,Piedras Blancas,Film &amp; Video,https://org-kadist-kvl-media-output.s3.us-west-1.amazonaws.com/HLS/Miguel_Angel_Rios_PiedrasBlancas/index.m3u8,,
28816,The Absolute Restoration of All Things,Installation,https://org-kadist-kvl-media-output.s3.us-west-1.amazonaws.com/HLS/Miguel_Fernandez_de_Castro_Natalia_Mendoza_The_Absolute_Restoration_of_all_Things/index.m3u8,,
21078,Ordinal (SW/NE),Film &amp; Video,https://org-kadist-kvl-media-output.s3.us-west-1.amazonaws.com/HLS/Miljohn_Ruperto_OrdinalConform/index.m3u8,,
21076,Appearance of Isabel Rosario Cooper,Film &amp; Video,https://org-kadist-kvl-media-output.s3.us-west-1.amazonaws.com/HLS/MiljohnRuperto_AppearanceOfIsabelRosarioCooper/index.m3u8,,
42663,Apuntes sobre el extractivismo bananero en Barú (Notes on the Banana Extractivism in Barú),Film &amp; Video,https://org-kadist-kvl-media-output.s3.us-west-1.amazonaws.com/HLS/Milko+Delgado/Apuntes+sobre+el+extractivismo+bananero+en+Bar%C3%BA/Milko-Delgado_Apuntes-conceptuales-sobre-el-extractivismo+bananero-en-Baru%CC%81_intermediate-master_H.264index.m3u8,,
28278,Musa,Film &amp; Video,https://org-kadist-kvl-media-output.s3.us-west-1.amazonaws.com/HLS/Minia_Biabiany_Musa/index.m3u8,,
22735,The Possibility of the Half,Film &amp; Video,https://org-kadist-kvl-media-output.s3.us-west-1.amazonaws.com/HLS/MinoukLim_ThePossibilityOfHalf/index.m3u8,,
27249,Moonscape,Film &amp; Video,https://org-kadist-kvl-media-output.s3.us-west-1.amazonaws.com/HLS/Mona_Benyamin_MoonscapeENGSUBS/index.m3u8,,
38042,Rite of Spring,Film &amp; Video,https://org-kadist-kvl-media-output.s3.us-west-1.amazonaws.com/HLS/Mona_Vatamanu_Florin_Tudor_RiteofSpring/index.m3u8,,
21485,The Sculpture,Film &amp; Video,https://org-kadist-kvl-media-output.s3.us-west-1.amazonaws.com/HLS/Musquiqui_Chihying_Gregor_Kasper_TheGuestbookInstallation/index.m3u8,,
42185,Mapping Water,Film &amp; Video,https://org-kadist-kvl-media-output.s3.us-west-1.amazonaws.com/HLS/Naiza+Khan/Mapping+Water/Naiza-Khan_Mapping-Water_exhibition_H.264_ENindex.m3u8,,
42157,Dung Kinship,Film &amp; Video,https://org-kadist-kvl-media-output.s3.us-west-1.amazonaws.com/HLS/Naomi-Rincon-Gallardo/Dung-Kingship/DungKinship_Reference2channelsindex.m3u8,,
25691,Resiliencia Tlacuache / Opossum Resilience,Film &amp; Video,https://org-kadist-kvl-media-output.s3.us-west-1.amazonaws.com/HLS/Naomi+Rinc%C3%B3n-Gallardo_ResilienciaTlacuache/index.m3u8,,
25566,Retiro,Film &amp; Video,https://org-kadist-kvl-media-output.s3.us-west-1.amazonaws.com/HLS/NataliaLassalle-Morillo_Retiro/index.m3u8,,
13423,Illusion of Matter,Film &amp; Video,https://org-kadist-kvl-media-output.s3.us-west-1.amazonaws.com/HLS/Naufus+Ram%C3%ADrez-Figueroa_llusion+of+Matter/index.m3u8,,
28276,Inside the Studio,Film &amp; Video,https://org-kadist-kvl-media-output.s3.us-west-1.amazonaws.com/HLS/Neil_Beloufa_Inside_the_Studio/index.m3u8,,
25836,Below The Deep South,Film &amp; Video,https://org-kadist-kvl-media-output.s3.us-west-1.amazonaws.com/HLS/No%C3%A9mie_Goudal_Below_The_Deep_South/index.m3u8,,
41018,Soil Without Land,Film &amp; Video,https://org-kadist-kvl-media-output.s3.us-west-1.amazonaws.com/HLS/Nontawat+Numbenchapol+/Soil+Without+Land%2C+2018/SWL_FTR_422HQ_2K_24FPS_FMIX51%2B20_240105_exhibition_h264.mp4/index.m3u8,,
27211,Our Grandmothers’ Gardens,Film &amp; Video,https://org-kadist-kvl-media-output.s3.us-west-1.amazonaws.com/HLS/Olga_Grotova_OurGrandmothersGardensENG/index.m3u8,,
31770,Repeat After Me,Film &amp; Video,https://org-kadist-kvl-media-output.s3.us-west-1.amazonaws.com/HLS/Open_Group_RepeatAfterMe/index.m3u8,,
41008,The Andean Information Age,Sculpture,https://org-kadist-kvl-media-output.s3.us-west-1.amazonaws.com/HLS/Oscar_Santill%C3%A1n_TheAndeanInformationAge/index.m3u8,,
24591,Cardón Cardinal,Film &amp; Video,https://org-kadist-kvl-media-output.s3.us-west-1.amazonaws.com/HLS/PatriciaEsquivias_cardonenero_ENGsubs/index.m3u8,,
21804,Lightning,Film &amp; Video,https://org-kadist-kvl-media-output.s3.us-west-1.amazonaws.com/HLS/Paul_Kos_Lightning/index.m3u8,,
21800,Sirens,Film &amp; Video,https://org-kadist-kvl-media-output.s3.us-west-1.amazonaws.com/HLS/Paul_Kos_Sirens/index.m3u8,,
29872,Memory of the Blind Elephant,Film &amp; Video,https://org-kadist-kvl-media-output.s3.us-west-1.amazonaws.com/HLS/Phuong_Linh_Nguyen_MemoryofBlindElephant/index.m3u8,,
22719,DADYAA: The Woodpeckers of Rotha,Film &amp; Video,https://org-kadist-kvl-media-output.s3.us-west-1.amazonaws.com/HLS/PoojaGurungAndBibhusanBasnet_DADYAA_engSUBSandSTEREO/index.m3u8,,
29967,Today will take care of tomorrow,Film &amp; Video,https://org-kadist-kvl-media-output.s3.us-west-1.amazonaws.com/HLS/Pratchaya_Phinthong_TodayWillTakeCare/index.m3u8,,
38499,_LAMENT H.E.A.T_,Film &amp; Video,https://org-kadist-kvl-media-output.s3.us-west-1.amazonaws.com/HLS/Preiyageetha_Dia_Lament/index.m3u8,,
24059,Instruments of Air,Film &amp; Video,https://org-kadist-kvl-media-output.s3.us-west-1.amazonaws.com/HLS/Rahima_Gambo_InstrumentTRAILER/index.m3u8,,
19774,Bab Sebta (Ceuta’s Gate),Film &amp; Video,https://org-kadist-kvl-media-output.s3.us-west-1.amazonaws.com/HLS/Randa_Maroufi_BabSebta_eng/index.m3u8,,
31780,RIOT in 3 Movements,Film &amp; Video,https://org-kadist-kvl-media-output.s3.us-west-1.amazonaws.com/HLS/Rania_Stephan_Riot/index.m3u8,,
32550,"Intangible Totem | Dawn, Dusk, Noontide",NFT,https://org-kadist-kvl-media-output.s3.us-west-1.amazonaws.com/HLS/Rebeca_Romero_3X/index.m3u8,,
21786,Tierra,Film &amp; Video,https://org-kadist-kvl-media-output.s3.us-west-1.amazonaws.com/HLS/Regina_Jos%C3%A9_Galindo_Tierra/index.m3u8,,
20486,La Sombra (The Shadow),Film &amp; Video,https://org-kadist-kvl-media-output.s3.us-west-1.amazonaws.com/HLS/Regina+Jose+Galindo/NTSC+-+Regina+Jose%CC%81+Galindo_La+Sombra+(The+Shadow).mp4/index.m3u8,,
38505,Tellurian Drama,Film &amp; Video,https://org-kadist-kvl-media-output.s3.us-west-1.amazonaws.com/HLS/Riar_Rizaldi_TellurianDrama/index.m3u8,,
21080,Student Bodies,Film &amp; Video,https://org-kadist-kvl-media-output.s3.us-west-1.amazonaws.com/HLS/Rui_An_StudentBodies/index.m3u8,,
21072,Yo también soy humo (I am also smoke),Film &amp; Video,https://org-kadist-kvl-media-output.s3.us-west-1.amazonaws.com/HLS/Runo_Lagomarsino_Yotambiensoyhumo/index.m3u8,,
18172,Muted Situations #2: Muted Lion Dance,Film &amp; Video,https://org-kadist-kvl-media-output.s3.us-west-1.amazonaws.com/HLS/Samson_Young_MutedSituation2/index.m3u8,,
21523,Dh?wã,Film &amp; Video,https://org-kadist-kvl-media-output.s3.us-west-1.amazonaws.com/HLS/Sancintya+Mohini+Simpson/Dh%C5%ABw%C3%A3/Sancintya_Mohini_Simpson_Dhuwa/index.m3u8,,
29941,Corazón del lugar del viento (Heart of the Place of the Wind),Film &amp; Video,https://org-kadist-kvl-media-output.s3.us-west-1.amazonaws.com/HLS/Sandra_Monterroso_Horizontal_oraz%C3%B3ndellugardelviento/index.m3u8,,
24603,Alka domo,Film &amp; Video,https://org-kadist-kvl-media-output.s3.us-west-1.amazonaws.com/HLS/Sebasti%C3%A1n_Calfuqueo_Alka_Domo/index.m3u8,,
21559,Pasajes I,Film &amp; Video,https://org-kadist-kvl-media-output.s3.us-west-1.amazonaws.com/HLS/SebastianDiazMorales_PasajesI/index.m3u8,,
23253,Bull in the Ring,Film &amp; Video,https://org-kadist-kvl-media-output.s3.us-west-1.amazonaws.com/HLS/Shaun+Leonardo/Bull_front_h264/index.m3u8,,
29943,3x3x6 - 10 cases 10 data,Film &amp; Video,https://org-kadist-kvl-media-output.s3.us-west-1.amazonaws.com/HLS/Shu_Lea_Cheang_3x3x6-10/index.m3u8,,
23068,The Yellow Scarf,Installation,https://org-kadist-kvl-media-output.s3.us-west-1.amazonaws.com/HLS/Shubigi_Rao_TheYellowScarf_onwhite/index.m3u8,,
38511,Of Shape Offshore,Film &amp; Video,https://org-kadist-kvl-media-output.s3.us-west-1.amazonaws.com/HLS/Shuyi+Cao/Of+Shape+Offshore%2C+2023/Shuyi-Cao_of-shape-offshore_exhibition_H.264_ENindex.m3u8,,
18157,Daily Life of Human,Film &amp; Video,https://org-kadist-kvl-media-output.s3.us-west-1.amazonaws.com/HLS/Siavash_Naghshbandi_daily_life_of_human/index.m3u8,,
31861,Claí na Péiste (Worm's Ditch),Film &amp; Video,https://org-kadist-kvl-media-output.s3.us-west-1.amazonaws.com/HLS/Sibyl_Montague_WormsDitch/index.m3u8,,
25703,"Tell me everything you saw, and what you think it means",Film &amp; Video,https://org-kadist-kvl-media-output.s3.us-west-1.amazonaws.com/HLS/SinWaiKin_TellMeEverythingYouSaw/index.m3u8,,
25763,I am not going to sing,Film &amp; Video,https://org-kadist-kvl-media-output.s3.us-west-1.amazonaws.com/HLS/Siren_EunYoungJung_IAmNotGoinToSing/index.m3u8,,
21824,Deferral Theatre,Film &amp; Video,https://org-kadist-kvl-media-output.s3.us-west-1.amazonaws.com/HLS/SirenEunYoung_DeferralTheatre/index.m3u8,,
20832,dawn chorus ii: el niagara en bicicleta,Film &amp; Video,https://org-kadist-kvl-media-output.s3.us-west-1.amazonaws.com/HLS/Sof%C3%ADa_C%C3%B3rdova_DawnChorus/index.m3u8,,
26660,dawn_chorusiii: the fruit they don’t have here / coro_del_albaiii: la fruta que no tienen aquí/???? iii: ???????,Film &amp; Video,https://org-kadist-kvl-media-output.s3.us-west-1.amazonaws.com/HLS/Sof%C3%ADaCordova_DawnChorusiii/index.m3u8,,
26658,"GUILLOTINÆ Wanna Cry, Act Yellow: Break Room",Film &amp; Video,https://org-kadist-kvl-media-output.s3.us-west-1.amazonaws.com/HLS/Sof%C3%ADaCordova_Guillotin%C3%86/index.m3u8,,
28294,Invertebrate Interactions,NFT,https://org-kadist-kvl-media-output.s3.us-west-1.amazonaws.com/HLS/Sofia_Crespo_invertebrate_interactions/index.m3u8,,
21798,The Fourth Notebook,Film &amp; Video,https://org-kadist-kvl-media-output.s3.us-west-1.amazonaws.com/HLS/Sriwhana_Spong_The_Fourth_Notebook/index.m3u8,,
37601,Figure 8,Film &amp; Video,https://org-kadist-kvl-media-output.s3.us-west-1.amazonaws.com/HLS/Steffani_Jemison_Figure8/index.m3u8,,
37603,Personal,Film &amp; Video,https://org-kadist-kvl-media-output.s3.us-west-1.amazonaws.com/HLS/Steffani_Jemison_Personal/index.m3u8,,
37599,The Meaning of Various Photographs of Tyrand Needham,Film &amp; Video,https://org-kadist-kvl-media-output.s3.us-west-1.amazonaws.com/HLS/Steffani_Jemison_TheMeaningofVariousPhotographs/index.m3u8,,
38501,Ladhamba Tayem; Future Continuous,Film &amp; Video,https://org-kadist-kvl-media-output.s3.us-west-1.amazonaws.com/HLS/Subash_Thebe_Limbu_ltfc/index.m3u8,,
29979,Ningwasum,Sculpture,https://org-kadist-kvl-media-output.s3.us-west-1.amazonaws.com/HLS/Subash_ThebeLimbu_Nigwasum/index.m3u8,,
28339,Moving Target Shadow Detection,Film &amp; Video,https://org-kadist-kvl-media-output.s3.us-west-1.amazonaws.com/HLS/SungTieu_MovingTargetShadowDetection/index.m3u8,,
23417,Mythological Time,Film &amp; Video,https://org-kadist-kvl-media-output.s3.us-west-1.amazonaws.com/HLS/SunXun_MythologicalTime_in1080/index.m3u8,,
21622,My Grandpa’s Route has been Forever Blocked,Film &amp; Video,https://org-kadist-kvl-media-output.s3.us-west-1.amazonaws.com/HLS/Sutthirat_Supaparinya_My_Grandpas_Route/index.m3u8,,
27231,Unindebted Life,Installation,https://org-kadist-kvl-media-output.s3.us-west-1.amazonaws.com/HLS/Sylbee_Kim_UnindebtedLife/index.m3u8,,
21834,Infinite Doors,Film &amp; Video,https://org-kadist-kvl-media-output.s3.us-west-1.amazonaws.com/HLS/TakeshiMurata_InfiniteDoors/index.m3u8,,
623,a poem written by 5 poets at once (first attempt),Film &amp; Video|Installation,https://org-kadist-kvl-media-output.s3.us-west-1.amazonaws.com/HLS/Tanaka%2C+Koki/A+poem+written+by+5+poets+at+once%2C+2013/poets_engsub_exhibition_copy/index.m3u8,,
39521,Murmurations,Film &amp; Video,https://org-kadist-kvl-media-output.s3.us-west-1.amazonaws.com/HLS/TESTNOV2025/Xavier+Marrades_Murmurations_exhibition_English_H.265HLS_Test.m3u8,,
19273,Behold These Glorious Times!,Film &amp; Video,https://org-kadist-kvl-media-output.s3.us-west-1.amazonaws.com/HLS/Trevor_Paglen_BeholdTheseGloriousTimes!/index.m3u8,,
42335,Growing Pillars,Film &amp; Video,https://org-kadist-kvl-media-output.s3.us-west-1.amazonaws.com/HLS/Tromarama/Growing-Pillars/Tromarama_Growing-Pillars_exhibition_H.264index.m3u8,,
19287,Pataki 1921,Installation,https://org-kadist-kvl-media-output.s3.us-west-1.amazonaws.com/HLS/Ulrik+Lopez_Pataki+1921/index.m3u8,,
26273,Bath Time,Film &amp; Video,https://org-kadist-kvl-media-output.s3.us-west-1.amazonaws.com/HLS/Waked%2C+Sharif/Bath+Time/index.m3u8,,
27700,Festival of Gratitude: Muammar Gaddafi,NFT,https://org-kadist-kvl-media-output.s3.us-west-1.amazonaws.com/HLS/Walid_Raad_Festival_of_Gratitude_Muammar_Gaddafi/index.m3u8,,
23625,Distorting Words,Film &amp; Video,https://org-kadist-kvl-media-output.s3.us-west-1.amazonaws.com/HLS/Wang_Tuo_DistortingWords/index.m3u8,,
23623,Smoke and Fire,Film &amp; Video,https://org-kadist-kvl-media-output.s3.us-west-1.amazonaws.com/HLS/Wang_Tuo_SmokeandFire/index.m3u8,,
17442,The Interrogation,Film &amp; Video,https://org-kadist-kvl-media-output.s3.us-west-1.amazonaws.com/HLS/Wang_Tuo_TheInterrogation/index.m3u8,,
23627,Tungus,Film &amp; Video,https://org-kadist-kvl-media-output.s3.us-west-1.amazonaws.com/HLS/Wang_Tuo_Tungus/index.m3u8,,
23629,Wailing Requiem,Film &amp; Video,https://org-kadist-kvl-media-output.s3.us-west-1.amazonaws.com/HLS/Wang_Tuo_WailingRequiem/index.m3u8,,
27197,Look on the Bright Side,Film &amp; Video,https://org-kadist-kvl-media-output.s3.us-west-1.amazonaws.com/HLS/Wang_Yuyan_LookOnTheBrightSide/index.m3u8,,
27199,One Thousand and One Attempts To Be an Ocean,Film &amp; Video,https://org-kadist-kvl-media-output.s3.us-west-1.amazonaws.com/HLS/Wang_Yuyan_OneThousandandOne/index.m3u8,,
19770,Super Amuleto,Film &amp; Video,https://org-kadist-kvl-media-output.s3.us-west-1.amazonaws.com/HLS/Wisrah_Villefort_Super_Amuleto/index.m3u8,,
18373,After Word,Film &amp; Video,https://org-kadist-kvl-media-output.s3.us-west-1.amazonaws.com/HLS/Wojnarowicz_Scemama_AfterWord/index.m3u8,,
18270,Inside This Little House,Film &amp; Video,https://org-kadist-kvl-media-output.s3.us-west-1.amazonaws.com/HLS/Wojnarowicz_Scemama_Inthislittlehouse/index.m3u8,,
18371,Last Night I Took A Man,Film &amp; Video,https://org-kadist-kvl-media-output.s3.us-west-1.amazonaws.com/HLS/Wojnarowicz_Scemama_LastNightITookAMan/index.m3u8,,
18274,What is this Little Guy’s Job,Film &amp; Video,https://org-kadist-kvl-media-output.s3.us-west-1.amazonaws.com/HLS/Wojnarowicz_Scemama_Whatisthislittleguysjob/index.m3u8,,
18276,When I Put My Hands on Your Body,Film &amp; Video,https://org-kadist-kvl-media-output.s3.us-west-1.amazonaws.com/HLS/Wojnarowicz_Scemama_WhenIPutMyHandsOnYourBody/index.m3u8,,
23457,Girl Talk,Film &amp; Video,https://org-kadist-kvl-media-output.s3.us-west-1.amazonaws.com/HLS/Wu_Tsang_GirlTalk/index.m3u8,,
42657,"No es lo mismo padecerla, que bailarla… (Huaca infectada)",Film &amp; Video,https://org-kadist-kvl-media-output.s3.us-west-1.amazonaws.com/HLS/Wynnie+MYNERVA/No+es+lo+mismo+padecerla/No+es+lo+mismo+padecerla+que+bailarla+(huaca+infectada)%2C+2025+-+Alta+(1)index.m3u8,,
24569,PANGKIS,Film &amp; Video,https://org-kadist-kvl-media-output.s3.us-west-1.amazonaws.com/HLS/Yee_I-Lann_Pangkis/index.m3u8,,
37696,Neo-Punggol,Film &amp; Video,https://org-kadist-kvl-media-output.s3.us-west-1.amazonaws.com/HLS/Yeyoon_Avis_Ann_NeoPunggol/index.m3u8,,
32772,Outdoor Blu,Installation,https://org-kadist-kvl-media-output.s3.us-west-1.amazonaws.com/HLS/Yeyoon_Avis_Ann_OutdoorBlu/index.m3u8,,
21569,Extrastellar Evaluations III: Entropy: 25800,Film &amp; Video,https://org-kadist-kvl-media-output.s3.us-west-1.amazonaws.com/HLS/Yin-Ju_Chen_ExtrastellarIII/index.m3u8,,
37128,Bubble,Film &amp; Video,https://org-kadist-kvl-media-output.s3.us-west-1.amazonaws.com/HLS/Yoko_Asakai_Bubble/index.m3u8,,
21790,WA'AD,Film &amp; Video,https://org-kadist-kvl-media-output.s3.us-west-1.amazonaws.com/HLS/Young_Hae_Chang_Heavy_Industries_WA_AD/index.m3u8,,
37680,Breathing in Unbreathable Circumstances,Installation,https://org-kadist-kvl-media-output.s3.us-west-1.amazonaws.com/HLS/Zarina_Muhammad_BreathinginUnbreathableCircumstances/index.m3u8,,
19353,Dark Beyond Deep,Film &amp; Video,https://org-kadist-kvl-media-output.s3.us-west-1.amazonaws.com/HLS/Zhu_Changquan_DarkBeyondDeep/index.m3u8,,
718,Versions,Film &amp; Video,https://s3-us-west-1.amazonaws.com/org-kadist-kvl-media-output/HLS//Olivier_Laric_VersionsHH/index.m3u8,,
5737,Never Leave Home Without It,Film &amp; Video,https://s3-us-west-1.amazonaws.com/org-kadist-kvl-media-output/HLS/Aaron_Young_NeverLeaveHomeWithoutItHH/index.m3u8,,
11383,Si? Sen?or,Film &amp; Video,https://s3-us-west-1.amazonaws.com/org-kadist-kvl-media-output/HLS/Abigail_Reyes_ARsi%CC%81sen%CC%83or/index.m3u8,,
8084,After the Finish Line,Film &amp; Video,https://s3-us-west-1.amazonaws.com/org-kadist-kvl-media-output/HLS/Adelita_Husni_Bey_AftertheFinishLinHH/indexHQ.m3u8,,
627,Postcards from the Desert Island,Film &amp; Video|Installation,https://s3-us-west-1.amazonaws.com/org-kadist-kvl-media-output/HLS/Adelita_Husni_Bey_PostcardsFromtheDesertIslandHH/index.m3u8,,
5686,HIKARI,Film &amp; Video,https://s3-us-west-1.amazonaws.com/org-kadist-kvl-media-output/HLS/Aki_Kondo_HikariHH/index.m3u8,,
6535,The End of Time,Film &amp; Video,https://s3-us-west-1.amazonaws.com/org-kadist-kvl-media-output/HLS/Akram_Zaatari_TheEndofTimeHH/index.m3u8,,
124,Wash & Go,Film &amp; Video,https://s3-us-west-1.amazonaws.com/org-kadist-kvl-media-output/HLS/Alban_Hajdinaj_WashandGo/index.m3u8,,
763,Better to have loved and lost than never to have loved at all,Film &amp; Video,https://s3-us-west-1.amazonaws.com/org-kadist-kvl-media-output/HLS/Alejandro_Almanza_Pereda_BettertoHaveLovedHH/index.m3u8,,
9063,Slow Graffiti,Film &amp; Video,https://s3-us-west-1.amazonaws.com/org-kadist-kvl-media-output/HLS/Alex_Da_Corte_Slow+Graffiti/index.m3u8,,
131,Returning a Sound,Film &amp; Video,https://s3-us-west-1.amazonaws.com/org-kadist-kvl-media-output/HLS/Allora_Calzadilla_ReturningASoundHH/index.m3u8,,
721,Movement,Film &amp; Video,https://s3-us-west-1.amazonaws.com/org-kadist-kvl-media-output/HLS/Amapola_Prada_MovementHH/index.m3u8,,
720,Power,Film &amp; Video,https://s3-us-west-1.amazonaws.com/org-kadist-kvl-media-output/HLS/Amapola_Prada_PowerHH/index.m3u8,,
719,Unit / y,Film &amp; Video,https://s3-us-west-1.amazonaws.com/org-kadist-kvl-media-output/HLS/Amapola_Prada_UnityHH/index.m3u8,,
4268,Impression,Installation,https://s3-us-west-1.amazonaws.com/org-kadist-kvl-media-output/HLS/Amol_Patil_Impression/index.m3u8,,
14588,Há Terra! (There is Land!),Film &amp; Video,https://s3-us-west-1.amazonaws.com/org-kadist-kvl-media-output/HLS/Ana_Vaz_HaTerra!/index.m3u8,,
5596,"Chase ATM emitting blue smoke, Bank of America ATM emitting red smoke, TD Bank ATM emitting green smoke",Film &amp; Video,https://s3-us-west-1.amazonaws.com/org-kadist-kvl-media-output/HLS/Andrew_Norman_Wilson_SmokingATMHH/index.m3u8,,
542,Perspective,Film &amp; Video,https://s3-us-west-1.amazonaws.com/org-kadist-kvl-media-output/HLS/Anna_Molska_PerspectiveHH/index.m3u8,,
91,Landscape for Fire,Film &amp; Video,https://s3-us-west-1.amazonaws.com/org-kadist-kvl-media-output/HLS/Anthony_McCall_LandscapeforFire/index.m3u8,,
561,The Class,Film &amp; Video,https://s3-us-west-1.amazonaws.com/org-kadist-kvl-media-output/HLS/Araya_Rasdjarmrearnsook_TheClass/index.m3u8,,
8864,24624759624891410 2516...And then there were none,Film &amp; Video,https://s3-us-west-1.amazonaws.com/org-kadist-kvl-media-output/HLS/Arin_Rungjung_DocumentaTranscoded/index.m3u8,,
5924,Volga,Film &amp; Video,https://s3-us-west-1.amazonaws.com/org-kadist-kvl-media-output/HLS/Aslan_Gaisumov_VolgaHH/index.m3u8,,
509,Théâtre de Poche,Film &amp; Video,https://s3-us-west-1.amazonaws.com/org-kadist-kvl-media-output/HLS/Aurelien_Froment_TheatredePocheHH/index.m3u8,,
9752,Scrapbook,Film &amp; Video,https://s3-us-west-1.amazonaws.com/org-kadist-kvl-media-output/HLS/Bady_Dalloul_Scrapbook/index.m3u8,,
8097,Heure de Paris: The Map and the Territory,Film &amp; Video|Installation,https://s3-us-west-1.amazonaws.com/org-kadist-kvl-media-output/HLS/Baris_Dogrusoz_HeuredeParisHH/index.m3u8,,
4287,Cambeck,Film &amp; Video,https://s3-us-west-1.amazonaws.com/org-kadist-kvl-media-output/HLS/Binelde_Hyrcan_CambeckHH/index.m3u8,,
196,Salomania,Film &amp; Video,https://s3-us-west-1.amazonaws.com/org-kadist-kvl-media-output/HLS/Boudry_Lorenz_SalomaniaHH/index.m3u8,,
771,Blindseye Arranger (Max),Film &amp; Video,https://s3-us-west-1.amazonaws.com/org-kadist-kvl-media-output/HLS/Brian_Bress_BlindseyeRotated/index.m3u8,,
662,Future Gestalt,Installation,https://s3-us-west-1.amazonaws.com/org-kadist-kvl-media-output/HLS/Brody_Condon_FutureGestaltHH/index.m3u8,,
772,Poetry reading in Columbine Cafeteria with Gazlene Membrane & Poetry reading in Columbine Library with Joan of Arc,Film &amp; Video,https://s3-us-west-1.amazonaws.com/org-kadist-kvl-media-output/HLS/Bunny_Rogers_GazpoetryLATEST/index.m3u8,,
12331,Something Other Than What You Are,Film &amp; Video,https://s3-us-west-1.amazonaws.com/org-kadist-kvl-media-output/HLS/CamelCollective_SomethingOther/index.m3u8,,
497,Useless Wonder,Film &amp; Video,https://s3-us-west-1.amazonaws.com/org-kadist-kvl-media-output/HLS/Carlos_Amorales_UselessWonder/index.m3u8,,
7244,Pentimenti,Film &amp; Video,https://s3-us-west-1.amazonaws.com/org-kadist-kvl-media-output/HLS/Carolina_Saquel_PentimentiHH/index.m3u8,,
544,The Absent Forms,Photography,https://s3-us-west-1.amazonaws.com/org-kadist-kvl-media-output/HLS/Charlotte_Moth_TheAbsentFormsHH/index.m3u8,,
251,Ink Diary,Film &amp; Video,https://s3-us-west-1.amazonaws.com/org-kadist-kvl-media-output/HLS/Chen_Shaoxiong_InkDiaryHH/index.m3u8,,
5574,Blood Sugar,Film &amp; Video|Installation,https://s3-us-west-1.amazonaws.com/org-kadist-kvl-media-output/HLS/Cheryl_Donegan_BloodSugarHH/index.m3u8,,
694,Marshal Tie Jia (Turtle Island),Film &amp; Video,https://s3-us-west-1.amazonaws.com/org-kadist-kvl-media-output/HLS/ChiaWeiHsu_TurtleIslandHH/index.m3u8,,
779,Subterranean Doomsday Vendor (Vendedor Subterranéo Del Dia Final Mexico City),Film &amp; Video|Installation,https://s3-us-west-1.amazonaws.com/org-kadist-kvl-media-output/HLS/Christoph_Draeger_SubterraneanDoomsdayVendorHH/indexHQ.m3u8,,
7387,A Border Musical,,https://s3-us-west-1.amazonaws.com/org-kadist-kvl-media-output/HLS/Chto_Delat_ABorderMusicalHH/index.m3u8,,
195,She’s gone,Film &amp; Video,https://s3-us-west-1.amazonaws.com/org-kadist-kvl-media-output/HLS/Chung_and_Maeda_ShesGoneHH/indexHQ.m3u8,,
780,Automóvel,Film &amp; Video,https://s3-us-west-1.amazonaws.com/org-kadist-kvl-media-output/HLS/Cinthia_Marcelle_AutomovelHH/index.m3u8,,
191,I'm Protesting Against Myself,Film &amp; Video,https://s3-us-west-1.amazonaws.com/org-kadist-kvl-media-output/HLS/Cipraen_Muresan_IMProtestingAgainstMyselfHH/index.m3u8,,
190,Untitled (Monks),Film &amp; Video,https://s3-us-west-1.amazonaws.com/org-kadist-kvl-media-output/HLS/Ciprian_Muresan_MonksHH/index.m3u8,,
7978,Prisons,Film &amp; Video,https://s3-us-west-1.amazonaws.com/org-kadist-kvl-media-output/HLS/Clarisse_Hahn_Prisons/index.m3u8,,
62,Drawn and Quartered,Film &amp; Video,https://s3-us-west-1.amazonaws.com/org-kadist-kvl-media-output/HLS/Claudia+Joskowicz_Drawn_and_QuarteredLATEST/index.m3u8,,
63,Round and Round and Consumed by Fire,Film &amp; Video,https://s3-us-west-1.amazonaws.com/org-kadist-kvl-media-output/HLS/Claudia+Joskowicz_RoundandRoundLATEST/index.m3u8,,
64,Vallegrande 1967,Film &amp; Video,https://s3-us-west-1.amazonaws.com/org-kadist-kvl-media-output/HLS/Claudia+Joskowicz_VallegrandeLATEST/index.m3u8,,
146,Die Siedlung,Film &amp; Video,https://s3-us-west-1.amazonaws.com/org-kadist-kvl-media-output/HLS/Clemens_Von_Wedemeyer_DieSiedlungREDO2/index.m3u8,,
145,Silberhöhe,Film &amp; Video,https://s3-us-west-1.amazonaws.com/org-kadist-kvl-media-output/HLS/Clemens_Von_Wedemeyer_Silberhohe/index.m3u8,,
782,The Illusion of Everything,Film &amp; Video,https://s3-us-west-1.amazonaws.com/org-kadist-kvl-media-output/HLS/Daniel_Crooks_TheIllusionofEverythingHH/index.m3u8,,
12801,True Red,Film &amp; Video,https://s3-us-west-1.amazonaws.com/org-kadist-kvl-media-output/HLS/Danielle_Dean_TrueRed/index.m3u8,,
783,Minotaur,Film &amp; Video,https://s3-us-west-1.amazonaws.com/org-kadist-kvl-media-output/HLS/Daria_Martin_MinotaurHH/index.m3u8,,
450,These Days,Film &amp; Video,https://s3-us-west-1.amazonaws.com/org-kadist-kvl-media-output/HLS/David_Maljkovic_TheseDays/index.m3u8,,
9775,Eridanus,Installation|Photography,https://s3-us-west-1.amazonaws.com/org-kadist-kvl-media-output/HLS/DavidHorvitz_EridanusHH/indexHQ.m3u8,,
534,The Dud Effect,Film &amp; Video,https://s3-us-west-1.amazonaws.com/org-kadist-kvl-media-output/HLS/Deimantas_Narkevicius_DudEffect/index.m3u8,,
5723,Los amantes (The lovers),Film &amp; Video,https://s3-us-west-1.amazonaws.com/org-kadist-kvl-media-output/HLS/Diana_Fonseca_Quinones__LosAmantes/index.m3u8,,
4278,Why do you call me when you know I can’t answer the phone,Film &amp; Video,https://s3-us-west-1.amazonaws.com/org-kadist-kvl-media-output/HLS/Dineo_Seshee_Bopape_WhyDoYouCall/index.m3u8,,
16,Tapitapultas,Film &amp; Video,https://s3-us-west-1.amazonaws.com/org-kadist-kvl-media-output/HLS/DonnaConlon_JonathanHarker_TapitapultasHH/index.m3u8,,
744,Dead Sea Drawing,Film &amp; Video,https://s3-us-west-1.amazonaws.com/org-kadist-kvl-media-output/HLS/Edith_Dekyndt_DeadSeaHH/index.m3u8,,
784,Intersticio,Film &amp; Video,https://s3-us-west-1.amazonaws.com/org-kadist-kvl-media-output/HLS/Elena_Damiani_IntersticioHH/index.m3u8,,
4303,The Wedding,Film &amp; Video,https://s3-us-west-1.amazonaws.com/org-kadist-kvl-media-output/HLS/Elham_Rokni_TheWeddingHH/index.m3u8,,
5562,B!RDBRA!N (Addendum),Film &amp; Video|Installation,https://s3-us-west-1.amazonaws.com/org-kadist-kvl-media-output/HLS/Emily_Mast_BirdbrainHH/index.m3u8,,
788,Un hombre que camina (A Man Walking),Film &amp; Video,https://s3-us-west-1.amazonaws.com/org-kadist-kvl-media-output/HLS/Enrique_Ramirez_UnHombreQueCaminaHH/index.m3u8,,
6529,The Ugly One,Film &amp; Video|Installation,https://s3-us-west-1.amazonaws.com/org-kadist-kvl-media-output/HLS/Eric_Baudelaire_TheUglyOne/index.m3u8,,
615,9000 PIECES,Film &amp; Video,https://s3-us-west-1.amazonaws.com/org-kadist-kvl-media-output/HLS/Euan_Macdonald_9000PiecesHHH/index.m3u8,,
7359,No World,Film &amp; Video,https://s3-us-west-1.amazonaws.com/org-kadist-kvl-media-output/HLS/Fang_Lu_NoWorldHH/index.m3u8,,
214,Scene I am Cuba (Scene Soy Cuba),Film &amp; Video,https://s3-us-west-1.amazonaws.com/org-kadist-kvl-media-output/HLS/Felipe_Dulzaides_Scene_IamCuba/index.m3u8,,
127,Ambiguous Gestures,Installation,https://s3-us-west-1.amazonaws.com/org-kadist-kvl-media-output/HLS/Felix+Gmelin/Felix_Gmelin_AmbiguousGesturesHH/indexHQ.m3u8,,
177,Fireflies,Film &amp; Video,https://s3-us-west-1.amazonaws.com/org-kadist-kvl-media-output/HLS/Fiamma_Montezemolo_FirefliesHH/index.m3u8,,
791,Food Fight,Film &amp; Video,https://s3-us-west-1.amazonaws.com/org-kadist-kvl-media-output/HLS/Fike_Harris_FoodFightHH/index.m3u8,,
490,Rebels of the Dance,Film &amp; Video,https://s3-us-west-1.amazonaws.com/org-kadist-kvl-media-output/HLS/Fikret_Atay_RebelsoftheDanceHH/index.m3u8,,
5752,Pointing at Fukuichi Live Cam,Film &amp; Video,https://s3-us-west-1.amazonaws.com/org-kadist-kvl-media-output/HLS/FInger_Pointing_atFukuichiLiveCamHH/index.m3u8,,
474,"France, détours, episode 2: this line is your path",Film &amp; Video,https://s3-us-west-1.amazonaws.com/org-kadist-kvl-media-output/HLS/Fr%C3%A9d%C3%A9ric_Moser_Philippe_Schwinger_FranceD%C3%A9tours/index.m3u8,,
502,The Nightwatch,Film &amp; Video,https://s3-us-west-1.amazonaws.com/org-kadist-kvl-media-output/HLS/Francis_Alys_NightwatchHH/index.m3u8,,
5996,Erratum,Sculpture,https://s3-us-west-1.amazonaws.com/org-kadist-kvl-media-output/HLS/Futurefarmers_Erratum/index.m3u8,,
574,City Golf,Film &amp; Video,https://s3-us-west-1.amazonaws.com/org-kadist-kvl-media-output/HLS/Gao_Mingyan_CityGolfHH/index.m3u8,,
45,Anthems,Film &amp; Video,https://s3-us-west-1.amazonaws.com/org-kadist-kvl-media-output/HLS/Geof_Oppenheimer_AnthemsHH/index.m3u8,,
208,Burrito Bay,Film &amp; Video,https://s3-us-west-1.amazonaws.com/org-kadist-kvl-media-output/HLS/George_Kuchar_BurritoBay/index.m3u8,,
680,"Zombie Swallows the World, Swallowed by the World",Film &amp; Video,https://s3-us-west-1.amazonaws.com/org-kadist-kvl-media-output/HLS/George_Pfau_ZombieHH/index.m3u8,,
7717,Weather Forecast,Film &amp; Video,https://s3-us-west-1.amazonaws.com/org-kadist-kvl-media-output/HLS/Guan_Xiao_WeatherForecast/index.m3u8,,
553,Wild Boy,Film &amp; Video,https://s3-us-west-1.amazonaws.com/org-kadist-kvl-media-output/HLS/Guy_Ben-Ner_WildBoyHH/index.m3u8,,
699,Images,Film &amp; Video,https://s3-us-west-1.amazonaws.com/org-kadist-kvl-media-output/HLS/H_H_Lim_ImagesHH/index.m3u8,,
689,Wonderland,Film &amp; Video,https://s3-us-west-1.amazonaws.com/org-kadist-kvl-media-output/HLS/Halil_Altindere_WonderlandHH/index.m3u8,,
736,Tarahi IV,Film &amp; Video|Installation,https://s3-us-west-1.amazonaws.com/org-kadist-kvl-media-output/HLS/Haris_Epaminonda_Tarahi3HH/index.m3u8/A,,
4279,Zonnebloem Renamed,Film &amp; Video,https://s3-us-west-1.amazonaws.com/org-kadist-kvl-media-output/HLS/Haroon_GunnSalie_Zonnebloem/index.m3u8,,
724,Lack of Evidence,Film &amp; Video,https://s3-us-west-1.amazonaws.com/org-kadist-kvl-media-output/HLS/Hayoun_Kwon_LackofEvidenceHH/index.m3u8,,
6774,Radar Level,Film &amp; Video,https://s3-us-west-1.amazonaws.com/org-kadist-kvl-media-output/HLS/Himali_Singh_Soin_RadarLevel/index.m3u8,,
581,Hako,Film &amp; Video,https://s3-us-west-1.amazonaws.com/org-kadist-kvl-media-output/HLS/Hiraki_Sawa_HakoHH/index.m3u8,,
255,The Cloud of Unknowing,Film &amp; Video,https://s3-us-west-1.amazonaws.com/org-kadist-kvl-media-output/HLS/Ho_Tzu_Nyen_TheCloudOfUnknowingHH/index.m3u8,,
8,3600 besos por hora,Film &amp; Video,https://s3-us-west-1.amazonaws.com/org-kadist-kvl-media-output/HLS/Humberto_Diaz_3600BesosPorHoraHH/index.m3u8,,
7,Observador Pasivo,Film &amp; Video,https://s3-us-west-1.amazonaws.com/org-kadist-kvl-media-output/HLS/Humberto_Diaz_ObservadorPasivoHH/index.m3u8,,
75,Excerpts from the Analects of Confucius,Film &amp; Video,https://s3-us-west-1.amazonaws.com/org-kadist-kvl-media-output/HLS/HungChin_Peng_ExcerptsFromTheAnalectsOfConfuciusHH/index.m3u8,,
9715,Note on Multitude,Film &amp; Video,https://s3-us-west-1.amazonaws.com/org-kadist-kvl-media-output/HLS/Ibro_Hasanovic_NoteonMultitude/index.m3u8,,
19053,As Far As We Could Get,,https://s3-us-west-1.amazonaws.com/org-kadist-kvl-media-output/HLS/Ivan_Argote_Asfaraswecouldget/index.m3u8,,
576,Man and Gravity,Film &amp; Video,https://s3-us-west-1.amazonaws.com/org-kadist-kvl-media-output/HLS/Jakrawal_Nilthamrong_ManAndGravityHH/index.m3u8,,
6428,Shisa Dog and Chicken,Film &amp; Video,https://s3-us-west-1.amazonaws.com/org-kadist-kvl-media-output/HLS/Jao_Maria_Gusman_ShisaDogandChickenHH/index.m3u8,,
716,Negro sobre Negro (Black on black),Film &amp; Video,https://s3-us-west-1.amazonaws.com/org-kadist-kvl-media-output/HLS/Javier_Castro_BlackOnBlackHH/index.m3u8,,
801,Blanco sobre Blanco (White on White),Film &amp; Video,https://s3-us-west-1.amazonaws.com/org-kadist-kvl-media-output/HLS/Javier_Castro_WhiteOnWhiteHH/index.m3u8,,
597,Juego Vivo,Film &amp; Video,https://s3-us-west-1.amazonaws.com/org-kadist-kvl-media-output/HLS/Jazmin_Lopez_JuegoVivoHH/index.m3u8,,
7761,Fog and Smoke,Film &amp; Video,https://s3-us-west-1.amazonaws.com/org-kadist-kvl-media-output/HLS/Jeamin_Cha_FogandSmoke/index.m3u8,,
203,Choke,Film &amp; Video,https://s3-us-west-1.amazonaws.com/org-kadist-kvl-media-output/HLS/Jennifer_Locke_ChokeHH/index.m3u8,,
611,Dawn Surf Jellybowl,Film &amp; Video,https://s3-us-west-1.amazonaws.com/org-kadist-kvl-media-output/HLS/Jennifer_West_DawnSurfJellybowlHH/index.m3u8,,
261,"Dilemma, three way of fork in the road",Film &amp; Video,https://s3-us-west-1.amazonaws.com/org-kadist-kvl-media-output/HLS/Jianwei_Wang_DilemmaThreeWayOfForkInTheRoadHH/index.m3u8,,
11344,Figuration (B),Film &amp; Video,https://s3-us-west-1.amazonaws.com/org-kadist-kvl-media-output/HLS/Jibade_Khalil_Huffman_FigurationB/index.m3u8,,
9597,The Exhumation,,https://s3-us-west-1.amazonaws.com/org-kadist-kvl-media-output/HLS/Jill_Magid_TheExhumationHH/index.m3u8,,
802,HOWE,Film &amp; Video,https://s3-us-west-1.amazonaws.com/org-kadist-kvl-media-output/HLS/Joachim_Koester_HoweHH/index.m3u8,,
92,Board,Film &amp; Video,https://s3-us-west-1.amazonaws.com/org-kadist-kvl-media-output/HLS/John_and_Paul_Wood_Board/index.m3u8,,
472,"Art, Property of Politics III, Closed Architecture",Installation,https://s3-us-west-1.amazonaws.com/org-kadist-kvl-media-output/HLS/Jonas_Staal_Art%2C+PropertyofPoliticsIIIClosesArchitecture/index.m3u8,,
803,Discussion Questions,Film &amp; Video,https://s3-us-west-1.amazonaws.com/org-kadist-kvl-media-output/HLS/Jonn_Herschend_DiscussionQuestionsHH/index.m3u8,,
336,Lens Flare,Film &amp; Video,https://s3-us-west-1.amazonaws.com/org-kadist-kvl-media-output/HLS/Jordan_Kantor_LensFlareHH/index.m3u8,,
540,Dreaming of the dream of the dream,Film &amp; Video,https://s3-us-west-1.amazonaws.com/org-kadist-kvl-media-output/HLS/Jordan_Wolfson_DreamingoftheDreamoftheDream/index.m3u8,,
9791,Stealing one’s own corpse (an alternative set of footholds for an ascent into the dark) Part 2 - (Swimming in rivers of glue),Film &amp; Video,https://s3-us-west-1.amazonaws.com/org-kadist-kvl-media-output/HLS/Julieta_Aranda_SwimmingInRiversofGlueHH/index.m3u8,,
202,Contrabando,Film &amp; Video,https://s3-us-west-1.amazonaws.com/org-kadist-kvl-media-output/HLS/Julio_Cesar_Morales_ContrabandoHH/index.m3u8,,
312,Interrupted Passage,Film &amp; Video,https://s3-us-west-1.amazonaws.com/org-kadist-kvl-media-output/HLS/Julio_Cesar_Morales_InterruptedPassageHH/index.m3u8,,
130,Ho! Ho! Ho! Merry Christmas: Battle of Easel Point - Memorial Project Okinawa,Film &amp; Video,https://s3-us-west-1.amazonaws.com/org-kadist-kvl-media-output/HLS/Jun_Nguyen_Hatsushiba_Okinawa/index.m3u8,,
225,Island,Film &amp; Video,https://s3-us-west-1.amazonaws.com/org-kadist-kvl-media-output/HLS/Kan_Xuan_IslandDollarHH/index.m3u8,,
6088,Untitled,Film &amp; Video,https://s3-us-west-1.amazonaws.com/org-kadist-kvl-media-output/HLS/Karen_Cytter_UntitledHH/index.m3u8,,
12225,"The Mermaids, or Aiden in Wonderland",Film &amp; Video,https://s3-us-west-1.amazonaws.com/org-kadist-kvl-media-output/HLS/Karrabing+Film+Collective/-Karribing_Film_Collective_Mermaids/index.m3u8,,
812,Atlas,Film &amp; Video,https://s3-us-west-1.amazonaws.com/org-kadist-kvl-media-output/HLS/Karthik_Pandian_AtlasHH/index.m3u8,,
537,Couler un tas de pierres,Film &amp; Video,https://s3-us-west-1.amazonaws.com/org-kadist-kvl-media-output/HLS/Katinka_Bock_Couleruntasdepierres/index.m3u8,,
585,Flight Rehearsals,Film &amp; Video,https://s3-us-west-1.amazonaws.com/org-kadist-kvl-media-output/HLS/Kiran_Subbaiah_FlightRehearsalsHH/index.m3u8,,
245,Walking Through,Film &amp; Video,https://s3-us-west-1.amazonaws.com/org-kadist-kvl-media-output/HLS/Koki_Tanaka_WalkingThroughHH/index.m3u8,,
199,Bite Work,Film &amp; Video,https://s3-us-west-1.amazonaws.com/org-kadist-kvl-media-output/HLS/KVL-OVE/03-21-the-light-between-us/10_bite_work_v3/index.m3u8,,
584,ONE MILLION (Japanese Yen),Film &amp; Video,https://s3-us-west-1.amazonaws.com/org-kadist-kvl-media-output/HLS/Kwan_Sheung_Chi_OneMillionLATEST/index.m3u8,,
583,TWO MILLION (Hong Kong Dollar),Film &amp; Video,https://s3-us-west-1.amazonaws.com/org-kadist-kvl-media-output/HLS/Kwan_Sheung_Chi_TWOMillionLATEST/index.m3u8,,
582,A Flags-Raising-Lowering Ceremony at my home’s clothes drying rack,Film &amp; Video,https://s3-us-west-1.amazonaws.com/org-kadist-kvl-media-output/HLS/Kwang_Sheung_Chi_AFlagsRaisingLoweringCeremonyatmyHomesClothesDryingRackHH/index.m3u8,,
530,Berlinmuren,Film &amp; Video,https://s3-us-west-1.amazonaws.com/org-kadist-kvl-media-output/HLS/Lars_Laumann_BerlinmurenHH/index.m3u8,,
11854,Koropa,Film &amp; Video,https://s3-us-west-1.amazonaws.com/org-kadist-kvl-media-output/HLS/Laura_Henno_Koropa/index.m3u8,,
6039,La Libertad,Film &amp; Video,https://s3-us-west-1.amazonaws.com/org-kadist-kvl-media-output/HLS/Laura_Huertas_LaLibertadTranscoded/index.m3u8,,
745,Stong Sory Vegetables,Film &amp; Video|Installation,https://s3-us-west-1.amazonaws.com/org-kadist-kvl-media-output/HLS/Laure_Provost_Stongsoryvegetables/index.m3u8,,
543,What remains is future,Film &amp; Video,https://s3-us-west-1.amazonaws.com/org-kadist-kvl-media-output/HLS/LaurentMontaron_WhatRemainsisFuture/index.m3u8,,
206,Action 3:02,Film &amp; Video,https://s3-us-west-1.amazonaws.com/org-kadist-kvl-media-output/HLS/Leonardogillesfleur_Action302TouristsHH/indexHQ.m3u8,,
205,Action 26:15,Film &amp; Video,https://s3-us-west-1.amazonaws.com/org-kadist-kvl-media-output/HLS/Leonardogillesfleur_IceCreamHH/index.m3u8,,
204,Myself as a Fountain,Film &amp; Video,https://s3-us-west-1.amazonaws.com/org-kadist-kvl-media-output/HLS/Leonardogillesfleur_MyselfAsAFountainHH/indexHQ.m3u8,,
5675,Freedom Farming,Film &amp; Video,https://s3-us-west-1.amazonaws.com/org-kadist-kvl-media-output/HLS/Li_Binyuan_FreedomFarmingHH/indexHQ.m3u8,,
816,A Slap in Wuhan,Film &amp; Video,https://s3-us-west-1.amazonaws.com/org-kadist-kvl-media-output/HLS/Li_Liao_ASlapInWuhanHH/indexHQ.m3u8,,
23,Beyond Geography,Film &amp; Video,https://s3-us-west-1.amazonaws.com/org-kadist-kvl-media-output/HLS/Li_Ran_BeyondGeographyHH/indexHQ.m3u8,,
11305,Argentum,Film &amp; Video,https://s3-us-west-1.amazonaws.com/org-kadist-kvl-media-output/HLS/Li_Xiaofei_Argentum/index.m3u8,,
612,Hydroforce,Film &amp; Video,https://s3-us-west-1.amazonaws.com/org-kadist-kvl-media-output/HLS/Liz_Cohen_HydroforceHH/indexHQ.m3u8,,
8076,Summer Camp,Film &amp; Video,https://s3-us-west-1.amazonaws.com/org-kadist-kvl-media-output/HLS/Lola_Gonzalez_SummerCampHH/indexHQ.m3u8,,
746,Ditch Plains,Film &amp; Video,https://s3-us-west-1.amazonaws.com/org-kadist-kvl-media-output/HLS/Loretta_Fahrenholz_DitchPlains/index.m3u8,,
268,History of Chemistry I,Film &amp; Video,https://s3-us-west-1.amazonaws.com/org-kadist-kvl-media-output/HLS/Lu_Chunsheng_HistoryofChemistryHH/index.m3u8,,
212,Destinos Posibles (Possible Destinations),Film &amp; Video,https://s3-us-west-1.amazonaws.com/org-kadist-kvl-media-output/HLS/Luis_Garciga_DestinosPosiblesHH/indexHQ.m3u8,,
6454,Tania Libre,Film &amp; Video,https://s3-us-west-1.amazonaws.com/org-kadist-kvl-media-output/HLS/Lynn_Hershmann_Leeson_TaniaLibreTranscodedfromProRes/index.m3u8,,
210,!Women Art Revolution (W.A.R.),Film &amp; Video,https://s3-us-west-1.amazonaws.com/org-kadist-kvl-media-output/HLS/Lynn_Hershmann_Leeson_WARHH/index.m3u8,,
469,Beyond Guilt,Film &amp; Video,https://s3-us-west-1.amazonaws.com/org-kadist-kvl-media-output/HLS/Maayan_Amir_Ruti_Sela_BeyondGuilt/index.m3u8,,
5956,Crygasm,Film &amp; Video,https://s3-us-west-1.amazonaws.com/org-kadist-kvl-media-output/HLS/Marco_Rios_CrygasmHH/index.m3u8,,
422,Until It Makes Sense,Film &amp; Video,https://s3-us-west-1.amazonaws.com/org-kadist-kvl-media-output/HLS/Mario_Garcia_Torres_UntilItMakesSenseHH/index.m3u8,,
512,Made in Heaven,Film &amp; Video,https://s3-us-west-1.amazonaws.com/org-kadist-kvl-media-output/HLS/Mark_Leckey_MadeinHeavenHH/index.m3u8,,
750,Carlton Hotel project,Installation,https://s3-us-west-1.amazonaws.com/org-kadist-kvl-media-output/HLS/Marwa_Arsanios_CarltonHotelProject/index.m3u8,,
751,I heard stories,Film &amp; Video,https://s3-us-west-1.amazonaws.com/org-kadist-kvl-media-output/HLS/Marwa_Arsanios_I'veHeardStories/index.m3u8,,
7729,Delphi Falls,Film &amp; Video,https://s3-us-west-1.amazonaws.com/org-kadist-kvl-media-output/HLS/Mary_Helena_Clark_DelphiFalls/index.m3u8,,
499,Far from Honolulu,Film &amp; Video,https://s3-us-west-1.amazonaws.com/org-kadist-kvl-media-output/HLS/Mathilde_Rosier_FarfromHonoluluHH/index.m3u8,,
618,El Contorno,Film &amp; Video,https://s3-us-west-1.amazonaws.com/org-kadist-kvl-media-output/HLS/Maya_Watanabe_ElContornoHH/index.m3u8,,
740,Inder Kommen Sie / It’s a Comedy,Film &amp; Video|Installation,https://s3-us-west-1.amazonaws.com/org-kadist-kvl-media-output/HLS/Meiro_Koizumi_ItsaComedy/index.m3u8,,
9034,Fly,Film &amp; Video,https://s3-us-west-1.amazonaws.com/org-kadist-kvl-media-output/HLS/Meriem_Bennani_Fly/index.m3u8,,
7995,"This One, That One",Film &amp; Video,https://s3-us-west-1.amazonaws.com/org-kadist-kvl-media-output/HLS/Micah_Lexier_ThisOneThatOneHH/index.m3u8,,
829,An Aleatory History of the Stick,Film &amp; Video,https://s3-us-west-1.amazonaws.com/org-kadist-kvl-media-output/HLS/Michael_Linares_AnAleatoryHistoryOfTheStickHH/index.m3u8,,
722,The Ghost of Modernity Lixiviado,Film &amp; Video,https://s3-us-west-1.amazonaws.com/org-kadist-kvl-media-output/HLS/Miguel_Angel+Rios_TheGhostOfModernityLixiviado/index.m3u8,,
216,Tropical Vulture,Film &amp; Video,https://s3-us-west-1.amazonaws.com/org-kadist-kvl-media-output/HLS/Miguel_Calderon_TropicalVulture2/index.m3u8,,
664,Acting Exercise: Demon Possession,Film &amp; Video,https://s3-us-west-1.amazonaws.com/org-kadist-kvl-media-output/HLS/Miljohn_Ruperto_ActingExerciseDemonPossessionHH/index.m3u8,,
830,Janus,Film &amp; Video,https://s3-us-west-1.amazonaws.com/org-kadist-kvl-media-output/HLS/Miljohn_Ruperto_Janus/index.m3u8,,
257,New Town Ghost,Film &amp; Video,https://s3-us-west-1.amazonaws.com/org-kadist-kvl-media-output/HLS/Minouk_Lim_NewTownGhostHH/index.m3u8,,
489,BRB (Be Right Back),Film &amp; Video,https://s3-us-west-1.amazonaws.com/org-kadist-kvl-media-output/HLS/Miri_Segal_BeRightBack/index.m3u8,,
6021,Hands Around In Yangon,Film &amp; Video,https://s3-us-west-1.amazonaws.com/org-kadist-kvl-media-output/HLS/Moe_Satt_HandsAroundYangonHH/index.m3u8,,
465,Temps Mort (Dead Time or Time Out),Film &amp; Video,https://s3-us-west-1.amazonaws.com/org-kadist-kvl-media-output/HLS/Mohamed_Bourouissa_TempsMort/index.m3u8,,
464,Untitled #10 (Temps mort),Photography,https://s3-us-west-1.amazonaws.com/org-kadist-kvl-media-output/HLS/Mohamed_Bourouissa_TempsMort/index.m3u8,,
4267,Untitled,Film &amp; Video,https://s3-us-west-1.amazonaws.com/org-kadist-kvl-media-output/HLS/Mohammed_Kazemt_Untitled/index.m3u8,,
278,Untitled (TIME),Film &amp; Video,https://s3-us-west-1.amazonaws.com/org-kadist-kvl-media-output/HLS/Mungo_Thomson_TimeHH/index.m3u8,,
700,Memory: Record/Erase,Film &amp; Video,https://s3-us-west-1.amazonaws.com/org-kadist-kvl-media-output/HLS/Nalini_Milani_MemoryRecordEraseHH/index.m3u8,,
515,Hans Forlorar sina bada armar och ben,Film &amp; Video,https://s3-us-west-1.amazonaws.com/org-kadist-kvl-media-output/HLS/Nathalie_Djurberg_HansForloraSinaBadaAmarOchBenHH/index.m3u8,,
8769,A World Undone [Protolith],Installation,https://s3-us-west-1.amazonaws.com/org-kadist-kvl-media-output/HLS/Nicholas_Mangan_AWorldUndone/index.m3u8,,
473,Character Witness,Installation,https://s3-us-west-1.amazonaws.com/org-kadist-kvl-media-output/HLS/Nicoline_Von_Harskamp_CharacterWitneessHH/index.m3u8,,
4304,What’s New,Film &amp; Video,https://s3-us-west-1.amazonaws.com/org-kadist-kvl-media-output/HLS/Nina_K%C3%B6nnemann_WhatsNew/index.m3u8,,
717,Nothing New,Film &amp; Video,https://s3-us-west-1.amazonaws.com/org-kadist-kvl-media-output/HLS/Oded_Hirsch_Nothing_NewHH/index.m3u8,,
108,The New Kahnawaké,Film &amp; Video,https://s3-us-west-1.amazonaws.com/org-kadist-kvl-media-output/HLS/Olive_Martin_PatrickBernier_LaNouvelleKahnawak%C3%A9/index.m3u8,,
4316,Tsumeb Fragments,Installation,https://s3-us-west-1.amazonaws.com/org-kadist-kvl-media-output/HLS/Otobong_Nkanga_GreenHillHH/index.m3u8,,
2003,Solo,Installation,https://s3-us-west-1.amazonaws.com/org-kadist-kvl-media-output/HLS/Pascal_Grandmaison_Solo/index.m3u8,,
852,All Watched Over by Machines of Loving Grace,Film &amp; Video,https://s3-us-west-1.amazonaws.com/org-kadist-kvl-media-output/HLS/Pascual_Sisto_AllWatchedOverByMachinesOfLovingGraceHH/indexHQ.m3u8,,
851,No Not Nothing Never,Film &amp; Video,https://s3-us-west-1.amazonaws.com/org-kadist-kvl-media-output/HLS/Pascual_Sisto_NotNothing/index.m3u8,,
459,Shangri-La,Film &amp; Video,https://s3-us-west-1.amazonaws.com/org-kadist-kvl-media-output/HLS/Patty_Chang_ShangriLa/index.m3u8,,
9746,The Pudic Relation between Machine and Plant,Film &amp; Video,https://s3-us-west-1.amazonaws.com/org-kadist-kvl-media-output/HLS/Pedro_Neves_Marques_ThePudicRelationshipBetweenPlantandMachineHH/index.m3u8,,
667,Sickhands,Film &amp; Video,https://s3-us-west-1.amazonaws.com/org-kadist-kvl-media-output/HLS/Petra_Cortright_SickhandsHH/indexHQ.m3u8,,
11163,Tropical Siesta,Film &amp; Video,https://s3-us-west-1.amazonaws.com/org-kadist-kvl-media-output/HLS/Phan_Thao_Nguyen_LaptopTropical/index.m3u8,,
7735,Malakas & Maganda (1986 – 2016),Installation,https://s3-us-west-1.amazonaws.com/org-kadist-kvl-media-output/HLS/Pio_Abad_MalakasMaganda/index.m3u8,,
4307,Workout,Film &amp; Video,https://s3-us-west-1.amazonaws.com/org-kadist-kvl-media-output/HLS/Polina_Kanis_Workout/index.m3u8,,
7328,Ein Ding Mehr,Film &amp; Video|Performance,https://s3-us-west-1.amazonaws.com/org-kadist-kvl-media-output/HLS/Prinz_Gholam_EinDingMehr/index.m3u8,,
628,FADE IN: EXT. STORAGE – CU CHI – DAY,Film &amp; Video,https://s3-us-west-1.amazonaws.com/org-kadist-kvl-media-output/HLS/Propeller_Group_FadeInHH/indexHQ.m3u8,,
853,Sitting Feeding Sleeping,Film &amp; Video,https://s3-us-west-1.amazonaws.com/org-kadist-kvl-media-output/HLS/Rachel_Rose_SittingFeedingSleepingHH/indexHQ.m3u8,,
201,"Color of History, Sweating Rocks",Film &amp; Video,https://s3-us-west-1.amazonaws.com/org-kadist-kvl-media-output/HLS/Ranu_Mukherjee_ColorOfHistorySweatingRocksHH/indexHQ.m3u8,,
176,Moving Clocks Change Rhythm,Film &amp; Video,https://s3-us-west-1.amazonaws.com/org-kadist-kvl-media-output/HLS/Renee_Rhodes_MovingClocksChangeRhythmHH/index.m3u8,,
6042,let this be us,Film &amp; Video,https://s3-us-west-1.amazonaws.com/org-kadist-kvl-media-output/HLS/Richard_T_Walker_LetThisBeUsHH/index.m3u8,,
857,Provisão,Film &amp; Video,https://s3-us-west-1.amazonaws.com/org-kadist-kvl-media-output/HLS/Rodrigo_Braga_Provisao/index.m3u8,,
159,The Stray Man,Film &amp; Video,https://s3-us-west-1.amazonaws.com/org-kadist-kvl-media-output/HLS/Roman_Ondak_StrayMan/index.m3u8,,
863,A Blank Slate,Film &amp; Video,https://s3-us-west-1.amazonaws.com/org-kadist-kvl-media-output/HLS/Sara_Eliassen_ABlankSlateHH/index.m3u8,,
5797,Suspension,Film &amp; Video|Installation,https://s3-us-west-1.amazonaws.com/org-kadist-kvl-media-output/HLS/Sebastian_Diaz_Morales_Suspension/index.m3u8,,
215,Nuevo Dragon City,Film &amp; Video,https://s3-us-west-1.amazonaws.com/org-kadist-kvl-media-output/HLS/Sergio_De_La_Torre_NuevoDragonCityHH/index.m3u8,,
4311,Hustle In Hand,Film &amp; Video,https://s3-us-west-1.amazonaws.com/org-kadist-kvl-media-output/HLS/Shahryar_Nashat_HustleInHandHH/index.m3u8,,
249,The Last Post,Film &amp; Video,https://s3-us-west-1.amazonaws.com/org-kadist-kvl-media-output/HLS/Shahzia_Sikander_TheLastPostHH/index.m3u8,,
867,"LIFE #1, a reenactment of a Japanese officer who is about to behead an Australian flier. The Pacific, 1945",Film &amp; Video,https://s3-us-west-1.amazonaws.com/org-kadist-kvl-media-output/HLS/Shay_Arick_Life1HH/index.m3u8,,
12602,"Lyrics 1,2,3",Film &amp; Video,https://s3-us-west-1.amazonaws.com/org-kadist-kvl-media-output/HLS/Siren_Eun_Young_Jung_lyrics2/index.m3u8,,
570,Turtle Walk,Film &amp; Video,https://s3-us-west-1.amazonaws.com/org-kadist-kvl-media-output/HLS/Sora_Kim_TurtleWalkHH/index.m3u8,,
74,Beach Study,Film &amp; Video,https://s3-us-west-1.amazonaws.com/org-kadist-kvl-media-output/HLS/Sriwhana_Spong_BeachStudyHH/index.m3u8,,
873,Escaped Lunatic,Film &amp; Video,https://s3-us-west-1.amazonaws.com/org-kadist-kvl-media-output/HLS/Steffani_Jemison_EscapedLunaticHH/index.m3u8,,
224,21 KE (21 GRAMS),Film &amp; Video,https://s3-us-west-1.amazonaws.com/org-kadist-kvl-media-output/HLS/Sun_Xun_21KeHH/indexHQ.m3u8,,
97,Guarana Power Commercials (Censored Version),Film &amp; Video,https://s3-us-west-1.amazonaws.com/org-kadist-kvl-media-output/HLS/SUPERFLEX_GuaranaPowerCommercials/index.m3u8,,
874,OM Rider,Film &amp; Video,https://s3-us-west-1.amazonaws.com/org-kadist-kvl-media-output/HLS/Takeshi_Murata_OMRiderHH/index.m3u8,,
19133,For the Animals,Film &amp; Video,https://s3-us-west-1.amazonaws.com/org-kadist-kvl-media-output/HLS/TaniaCandiani/COMPRESS/MASTER 3 CHANNELS for the animals.mp4index.m3u8,,
4269,Steak House,Film &amp; Video,https://s3-us-west-1.amazonaws.com/org-kadist-kvl-media-output/HLS/Taro_Izumi_SteakHouse/index.m3u8,,
207,I Want You,Film &amp; Video,https://s3-us-west-1.amazonaws.com/org-kadist-kvl-media-output/HLS/Tony_Labat_IWantYouCompetitionHH/index.m3u8,,
876,Journey of a Piece of Soil,Film &amp; Video|Sculpture,https://s3-us-west-1.amazonaws.com/org-kadist-kvl-media-output/HLS/Truong_Cong_Tung_JourneyOfAPieceOfSoilHH/index.m3u8,,
259,"The Third Seal-They Are Already Old, They Don’t Need To Exist Anymore",Film &amp; Video,https://s3-us-west-1.amazonaws.com/org-kadist-kvl-media-output/HLS/Tsang_Kin_Wah_TheThirdSealHH/index.m3u8,,
5927,Waltz of the Machine Equestrians,Film &amp; Video,https://s3-us-west-1.amazonaws.com/org-kadist-kvl-media-output/HLS/Uudam_Tran_Nguyen_WaltzOfTheMachineEquestriansHH/index.m3u8,,
693,Receding Triangular Square,Film &amp; Video,https://s3-us-west-1.amazonaws.com/org-kadist-kvl-media-output/HLS/Virlani_Hallberg_RecedingTriangularSquareHH/index.m3u8,,
703,Reflection Paper No. 2,Film &amp; Video,https://s3-us-west-1.amazonaws.com/org-kadist-kvl-media-output/HLS/Wang_Taocheng_ReflectionPaperNo2HH/index.m3u8,,
22,Vertical Horizon,Film &amp; Video,https://s3-us-west-1.amazonaws.com/org-kadist-kvl-media-output/HLS/Wiboko_Wok_the_Woto_VerticalHorizon/index.m3u8,,
879,Eraser,Film &amp; Video,https://s3-us-west-1.amazonaws.com/org-kadist-kvl-media-output/HLS/Will_Rogan_EraserHH/index.m3u8,,
341,Killed,Film &amp; Video,https://s3-us-west-1.amazonaws.com/org-kadist-kvl-media-output/HLS/William_E_Jones_killedHH/index.m3u8,,
241,Re: Looking,Film &amp; Video,https://s3-us-west-1.amazonaws.com/org-kadist-kvl-media-output/HLS/Wong_Hoy_Cheong_ReLookingHH/index.m3u8,,
586,Tribute to Inside Looking Out - For the male artists along my way,Film &amp; Video,https://s3-us-west-1.amazonaws.com/org-kadist-kvl-media-output/HLS/Wong_Wai_Yin_TributeToInsideLookingOutHH/index.m3u8,,
8045,Summer Wind Before Rain,Film &amp; Video,https://s3-us-west-1.amazonaws.com/org-kadist-kvl-media-output/HLS/Xu_Wang_SummerWind/index.m3u8,,
883,Long Long Live,Film &amp; Video,https://s3-us-west-1.amazonaws.com/org-kadist-kvl-media-output/HLS/Yao_Jui_Chung_LongLongLiveHH/index.m3u8,,
559,PACIFIC LIMN,Film &amp; Video,https://s3-us-west-1.amazonaws.com/org-kadist-kvl-media-output/HLS/YHCHI_PacificLimnCHH/index.m3u8,,
6000,Extrastellar Evaluations - Evaluations,Film &amp; Video|Photography,https://s3-us-west-1.amazonaws.com/org-kadist-kvl-media-output/HLS/Yin_Ju_Chen_ExtrastellarEvaluationsHH/index.m3u8,,
200,Canned Laughter,Film &amp; Video,https://s3-us-west-1.amazonaws.com/org-kadist-kvl-media-output/HLS/Yoshua_Okon_CannedLaughterHH/index.m3u8,,
47,The Bullet is Still in My Left Wrist,Film &amp; Video,https://s3-us-west-1.amazonaws.com/org-kadist-kvl-media-output/HLS/Young_Hae_Chang_TheBulletInMyWristHH/index.m3u8,,
884,Life,Film &amp; Video,https://s3-us-west-1.amazonaws.com/org-kadist-kvl-media-output/HLS/Yu_Honglei_LifeHH/index.m3u8,,
5959,Datamosh,Film &amp; Video,https://s3-us-west-1.amazonaws.com/org-kadist-kvl-media-output/HLS/Yung_Jake_DatamoshHH/index.m3u8,,
5963,I don’t remember,Film &amp; Video,https://s3-us-west-1.amazonaws.com/org-kadist-kvl-media-output/HLS/Yung_Jake_IDontRememberHH/index.m3u8,,
5961,Unfollow,Film &amp; Video,https://s3-us-west-1.amazonaws.com/org-kadist-kvl-media-output/HLS/Yung_Jake_UnfollowHH/index.m3u8,,
21,603 Football Field,Film &amp; Video,https://s3-us-west-1.amazonaws.com/org-kadist-kvl-media-output/HLS/Zhang_Qing_FootballFieldSINGLECHANNEL/index.m3u8,,
243,One Two Three Four,Film &amp; Video,https://s3-us-west-1.amazonaws.com/org-kadist-kvl-media-output/HLS/Zhou_Tao_OneTwoThreeFourHH/index.m3u8,,
242,South Stone,Film &amp; Video,https://s3-us-west-1.amazonaws.com/org-kadist-kvl-media-output/HLS/Zhou_Tao_SouthStoneHH/index.m3u8,,